Location_ID,Latitude,Longitude,Sample_Depth_cm,Soil_Type,Ni,Pb,Cr,Hg,Cd,As,Cu,Zn,Contamination_Level
001,35.465018,-119.405433,33,Loamy,12.15,140.67,161.15,9.88,8.84,14.33,19.39,112.81,Low
002,35.186667,-119.466985,30,Loamy,96.22,70.37,246.16,3.88,8.15,3.92,75.08,346.55,Moderate
003,35.161664,-120.425729,43,Loamy,95.17,62.92,27.5,4.29,4.96,8.69,16.7,270.59,Low
004,35.01,-120.661857,35,Clay,146.79,89.11,222.63,6.85,5.36,17.87,85.23,190.62,Moderate
005,35.484727,-119.386529,38,Clay,76.04,226.97,114.83,8.37,7.64,9.39,83.79,394.88,Moderate
006,35.415552,-119.438655,42,Sandy,193.8,78.83,164.3,4.23,0.42,5.33,29.3,96.65,Moderate
007,35.872451,-119.884266,43,Loamy,180.45,254.04,148.19,2.06,4.8,2.51,91.67,260.5,Moderate
008,35.835143,-120.215114,43,Sandy,45.38,36.14,43.98,7.26,0.88,19.44,39.75,182.09,Low
009,34.595996,-120.465595,22,Clay,112.79,30.75,180.93,3.37,5.92,15.37,28.94,267.22,Moderate
010,35.275481,-119.651797,49,Loamy,146.35,243.83,247.96,5.88,2.5,17.38,86.37,58.48,Moderate
011,34.549508,-120.592995,31,Clay,78.44,45.61,102.93,7.77,6.64,10.12,99.21,322.67,Moderate
012,35.986257,-120.715725,22,Sandy,88.49,30.34,66.97,4.16,6.93,2.85,30.1,28.87,Low
013,34.076528,-120.511399,16,Silt,21.09,179.32,43.78,0.41,8.66,0.28,66.65,145.08,Low
014,35.196918,-119.286583,47,Silt,197.92,90.84,211.04,7.99,2.41,3.57,78.0,236.8,Moderate
015,34.34127,-119.110048,39,Clay,144.42,59.76,119.15,3.51,7.96,12.33,12.55,186.87,Moderate
016,34.867029,-119.132345,49,Silt,140.35,37.77,127.09,5.89,5.45,3.53,93.74,138.17,Moderate
017,35.727995,-119.098325,17,Sandy,60.36,289.71,229.52,6.86,8.8,19.59,53.96,100.84,Moderate
018,35.90951,-120.650608,28,Sandy,34.3,196.2,213.77,9.24,5.3,17.22,72.81,128.22,Moderate
019,35.453792,-119.42854,35,Clay,70.51,17.12,138.51,8.54,4.92,2.68,18.1,239.04,Low
020,35.652062,-119.957692,41,Silt,36.14,86.08,150.69,8.09,2.69,13.9,84.49,318.98,Moderate
021,34.855418,-120.563406,30,Clay,25.17,87.27,223.03,7.55,1.57,7.2,89.4,303.47,Moderate
022,34.575748,-119.35143,48,Clay,169.12,259.33,38.15,3.16,6.47,9.69,5.37,53.08,Moderate
023,35.197628,-120.079715,37,Silt,126.48,31.58,62.57,5.19,8.34,12.78,22.2,356.88,Moderate
024,34.55547,-120.883907,14,Silt,144.17,120.64,110.75,1.12,0.43,7.11,74.05,26.82,Low
025,34.180598,-120.29676,48,Loamy,83.35,233.84,175.33,1.54,6.06,5.82,73.82,373.67,Moderate
026,34.027381,-120.97597,46,Sandy,51.28,250.01,87.39,7.97,2.88,3.94,42.2,124.0,Moderate
027,34.757163,-120.894441,49,Silt,70.87,212.99,40.39,9.11,3.49,8.69,42.19,314.47,Moderate
028,35.599007,-120.877628,29,Sandy,150.29,270.9,213.8,6.15,0.98,16.83,86.38,64.63,Moderate
029,35.714497,-119.043788,17,Sandy,139.86,98.01,149.67,6.83,6.9,9.32,48.21,350.86,Moderate
030,34.809069,-119.60426,32,Sandy,155.52,232.53,98.07,6.06,4.39,5.25,74.37,146.17,Moderate
031,35.424117,-120.463133,21,Silt,71.29,116.75,145.98,4.14,3.19,2.44,43.06,340.42,Moderate
032,34.860602,-120.203211,31,Silt,95.89,63.6,240.54,4.33,0.44,18.5,63.16,129.53,Moderate
033,35.125013,-119.131901,14,Sandy,182.68,167.07,79.16,9.7,6.1,0.95,61.62,347.94,Moderate
034,35.190566,-120.631835,29,Loamy,128.76,236.52,26.19,7.57,0.3,9.95,19.02,203.58,Moderate
035,34.469431,-120.449792,21,Clay,45.52,204.53,220.2,9.76,2.91,17.77,11.05,340.89,Moderate
036,35.9205,-119.64059,40,Loamy,93.2,52.65,35.83,7.01,2.52,11.66,92.49,41.77,Low
037,34.743186,-120.686593,18,Clay,155.82,20.11,119.51,0.85,8.86,13.78,93.82,224.08,Moderate
038,35.807311,-120.197198,15,Silt,32.47,123.18,170.86,7.64,4.36,7.57,24.49,113.59,Low
039,35.700411,-119.72773,45,Sandy,37.85,82.97,76.51,8.39,7.59,3.04,18.24,59.74,Low
040,34.235533,-120.881926,12,Loamy,163.65,283.55,88.17,0.96,8.6,12.6,88.52,281.81,Moderate
041,35.949926,-119.670097,39,Sandy,177.6,40.41,160.86,4.97,4.28,7.77,41.47,50.83,Low
042,35.105688,-120.542087,44,Clay,111.16,296.09,203.3,4.21,8.18,11.7,20.7,168.91,Moderate
043,35.654859,-119.413326,14,Silt,124.22,66.64,68.87,6.94,9.93,16.61,25.25,376.88,Moderate
044,34.741541,-119.555263,10,Silt,167.44,94.15,34.47,4.66,6.87,10.74,22.73,315.44,Moderate
045,35.637061,-119.509543,33,Clay,62.77,170.44,148.16,3.07,5.65,19.11,57.23,63.17,Moderate
046,35.312721,-119.792399,12,Clay,163.5,42.75,22.05,5.26,3.92,8.72,88.0,83.37,Low
047,34.433424,-119.538893,44,Sandy,63.31,59.15,93.85,1.37,0.15,8.4,10.72,360.08,Moderate
048,35.612095,-119.937549,46,Silt,102.88,50.92,139.96,1.08,7.68,6.41,38.06,179.29,Moderate
049,34.808081,-120.642953,26,Sandy,166.55,261.33,175.63,3.83,3.36,19.1,78.81,194.41,Moderate
050,35.171921,-119.008406,37,Clay,59.85,209.5,235.2,2.1,5.76,0.35,50.56,175.45,Moderate
051,34.192747,-120.091325,43,Clay,146.13,231.14,138.64,8.48,6.58,14.02,15.17,148.0,Moderate
052,34.562751,-119.49732,35,Loamy,162.59,115.73,72.83,7.77,9.73,5.4,13.94,377.25,Moderate
053,35.450364,-120.975326,12,Silt,37.11,263.58,249.36,2.12,6.47,17.47,25.73,178.77,Moderate
054,35.97375,-120.311893,24,Clay,11.21,139.11,207.66,6.72,4.87,19.78,91.56,30.3,Moderate
055,35.866312,-120.488869,40,Sandy,100.61,86.73,178.1,3.53,9.99,9.18,31.52,217.99,Moderate
056,34.443569,-119.74651,27,Loamy,119.62,160.38,24.67,3.27,7.5,12.14,68.27,91.07,Low
057,34.365081,-120.249877,14,Clay,58.35,202.85,164.19,1.35,1.43,18.34,33.45,303.77,Moderate
058,35.378811,-120.570378,34,Sandy,176.46,141.26,125.07,2.84,9.36,4.89,61.34,298.01,Moderate
059,35.327364,-120.686067,23,Silt,199.55,49.01,34.38,5.47,4.19,14.12,29.58,194.92,Moderate
060,34.220248,-119.34152,34,Silt,180.54,178.47,24.26,2.1,6.34,15.71,47.74,183.12,Moderate
061,34.851761,-119.037413,44,Loamy,21.68,16.37,197.48,3.96,5.91,2.88,13.31,356.78,Moderate
062,34.698688,-120.270436,46,Loamy,135.49,198.01,128.8,7.62,3.46,7.85,52.91,344.04,Moderate
063,35.529307,-120.571777,36,Silt,162.04,291.19,173.88,8.97,7.32,10.89,72.15,112.72,Moderate
064,34.258893,-119.307072,47,Silt,88.53,102.15,131.92,1.21,8.55,14.59,80.45,360.37,Moderate
065,35.784969,-119.890995,36,Clay,47.27,228.93,135.06,2.73,2.71,8.68,93.77,124.49,Moderate
066,35.833067,-119.813343,16,Loamy,54.32,243.93,62.49,4.51,9.71,15.85,40.48,132.2,Moderate
067,35.056134,-119.558128,41,Loamy,166.86,173.88,167.27,7.43,8.43,9.56,36.88,240.48,Moderate
068,35.311312,-119.758615,31,Silt,198.23,84.92,57.38,0.53,9.33,2.71,72.17,151.59,Moderate
069,34.037932,-119.855531,14,Silt,191.14,37.87,33.73,0.95,6.81,14.39,33.04,300.76,Moderate
070,34.250994,-120.015474,19,Loamy,52.71,57.95,70.1,7.44,6.13,13.78,51.99,375.48,Moderate
071,35.249114,-120.436446,43,Clay,61.35,188.55,35.64,9.45,6.71,13.95,5.1,88.67,Low
072,35.130775,-119.378393,47,Silt,165.41,57.34,50.65,5.64,0.87,11.01,17.29,150.35,Low
073,34.358972,-120.667448,47,Sandy,174.07,133.93,202.14,4.35,1.17,12.13,7.52,166.07,Moderate
074,35.18704,-120.408518,25,Loamy,148.14,120.53,215.04,7.07,5.25,18.32,99.9,148.0,Moderate
075,34.974329,-119.573948,35,Silt,67.9,205.23,173.36,1.88,2.55,9.24,83.07,152.79,Moderate
076,34.624764,-119.740184,11,Silt,68.73,219.72,151.7,4.56,4.05,16.31,62.06,394.05,Moderate
077,34.262103,-120.679122,23,Clay,177.33,25.5,76.26,4.66,3.33,13.32,34.92,183.54,Moderate
078,35.42931,-119.119404,27,Clay,110.06,181.35,159.54,3.26,5.11,16.91,22.09,116.33,Moderate
079,34.132902,-120.118285,33,Sandy,112.71,239.41,36.12,5.83,8.98,13.66,37.93,317.56,Moderate
080,34.542476,-120.937747,39,Clay,120.45,128.99,28.99,9.08,7.88,18.39,56.08,178.19,Moderate
081,34.58716,-119.445069,19,Sandy,47.19,113.24,63.08,4.62,3.04,0.3,26.1,240.16,Low
082,34.750456,-119.346833,46,Sandy,69.67,274.18,62.61,7.01,7.09,11.71,27.19,48.5,Moderate
083,35.722232,-120.763735,39,Sandy,47.76,178.48,27.8,7.3,3.78,7.87,7.06,318.37,Moderate
084,34.775437,-119.101782,20,Sandy,155.95,114.78,47.13,9.48,1.92,7.69,57.1,242.62,Moderate
085,35.541609,-120.252178,18,Clay,134.63,97.91,178.46,9.62,6.36,9.75,20.33,264.19,Moderate
086,35.700236,-120.21149,11,Clay,97.1,231.57,121.49,2.96,8.64,1.85,26.64,160.56,Moderate
087,34.1525,-119.824197,10,Silt,30.81,122.49,213.08,6.16,6.38,19.29,78.45,46.78,Moderate
088,34.39767,-119.054726,19,Clay,166.79,23.29,41.52,7.51,2.8,9.47,41.23,183.91,Low
089,34.698806,-119.612929,17,Sandy,162.52,144.61,211.98,1.27,9.01,3.7,74.61,32.17,Moderate
090,34.825107,-120.965924,35,Loamy,157.27,142.97,54.69,2.12,0.1,17.07,31.85,257.45,Moderate
091,34.442981,-119.590759,31,Silt,172.46,71.52,23.43,5.86,2.89,0.45,30.86,325.62,Moderate
092,35.393484,-120.449029,17,Sandy,18.74,299.56,190.98,9.48,3.11,18.32,96.57,305.24,Moderate
093,35.379134,-120.819829,28,Sandy,23.43,108.61,87.18,2.35,9.82,8.97,76.93,209.46,Moderate
094,35.153922,-120.763913,29,Loamy,73.89,164.43,242.28,8.89,0.54,19.71,43.3,205.0,Moderate
095,34.30735,-119.927043,10,Silt,142.87,76.26,101.41,7.7,3.16,6.96,61.29,191.01,Moderate
096,35.883935,-119.74616,19,Clay,191.22,161.24,183.19,0.09,2.58,0.53,58.03,42.54,Moderate
097,35.124591,-120.506013,20,Clay,24.8,71.32,140.47,8.34,8.72,0.29,17.18,389.93,Moderate
098,34.37914,-120.475783,25,Clay,48.8,166.45,196.58,9.65,6.8,8.46,23.45,275.64,Moderate
099,34.644442,-119.6084,32,Clay,12.14,143.9,66.65,7.02,9.5,10.27,73.98,100.63,Low
100,34.764311,-120.805199,41,Silt,104.66,268.0,99.42,7.56,4.64,17.35,45.55,357.45,Moderate
101,34.793906,-119.613482,26,Silt,186.51,263.28,98.54,3.97,8.53,7.82,25.55,154.81,Moderate
102,35.308664,-119.484899,16,Silt,154.38,261.64,239.11,6.54,6.52,11.26,7.31,221.53,Moderate
103,34.015161,-120.768176,22,Loamy,35.53,216.71,32.15,6.7,9.56,5.3,51.88,38.67,Low
104,35.919733,-120.186679,22,Silt,22.78,277.51,53.19,3.76,7.6,18.3,85.8,194.59,Moderate
105,34.621614,-119.139445,36,Silt,109.0,137.36,211.82,0.32,9.92,10.22,20.72,342.97,Moderate
106,35.54743,-120.550096,33,Loamy,129.35,147.75,22.59,8.41,7.54,17.76,8.68,396.53,Moderate
107,34.975414,-120.388498,39,Loamy,36.28,203.36,25.8,1.0,1.0,12.71,16.65,273.76,Moderate
108,34.094494,-120.24128,29,Clay,120.14,241.42,98.51,0.79,4.09,5.55,87.85,185.92,Moderate
109,34.582443,-119.322802,37,Clay,149.53,249.06,66.92,7.79,2.15,6.92,83.91,93.9,Moderate
110,35.211017,-120.039594,30,Sandy,41.38,46.73,80.16,5.97,5.15,15.6,9.02,242.23,Low
111,34.071067,-120.085345,14,Sandy,143.21,268.07,211.38,1.5,1.03,10.47,64.67,139.25,Moderate
112,35.375694,-120.381118,48,Silt,92.1,23.09,124.64,8.8,1.56,17.8,75.99,23.35,Low
113,34.048125,-120.281774,27,Clay,198.16,237.47,216.88,8.67,8.22,7.22,35.62,380.55,High
114,34.750097,-120.16172,23,Silt,146.08,227.34,237.87,7.28,4.12,13.76,74.1,302.88,High
115,34.854907,-119.421878,34,Sandy,151.93,66.38,169.15,2.84,8.11,16.87,90.25,339.4,Moderate
116,35.430832,-120.613927,17,Silt,188.57,246.58,116.67,4.06,9.95,5.24,25.41,28.88,Moderate
117,35.886088,-119.582208,45,Loamy,135.14,103.45,54.75,3.9,8.36,15.56,15.36,147.37,Low
118,34.268538,-120.762963,19,Sandy,18.67,80.76,249.99,0.74,7.72,13.17,28.85,166.63,Moderate
119,34.138397,-120.530529,10,Sandy,186.58,75.01,217.57,2.16,2.76,7.26,73.84,29.27,Moderate
120,35.303842,-120.950367,27,Silt,21.2,237.35,58.42,4.51,9.19,1.34,43.98,148.0,Moderate
121,34.866357,-120.380541,20,Clay,158.97,54.05,232.99,8.83,9.66,2.61,74.96,255.99,Moderate
122,35.667473,-120.358172,34,Loamy,59.71,284.76,181.96,0.79,2.49,6.55,78.84,155.46,Moderate
123,34.850479,-119.999855,18,Loamy,98.33,224.86,47.37,3.82,0.84,10.57,76.07,152.62,Moderate
124,35.153571,-120.733056,10,Loamy,150.67,143.65,168.65,8.64,4.73,3.35,8.18,31.34,Moderate
125,35.754204,-120.243674,22,Silt,195.05,162.19,148.3,3.99,2.86,15.65,5.38,124.1,Moderate
126,34.082822,-120.024005,27,Loamy,63.76,162.7,79.0,9.12,0.35,0.97,92.48,213.91,Moderate
127,34.394171,-119.957692,46,Silt,183.54,272.24,243.67,2.16,8.1,9.52,90.37,371.51,High
128,35.845268,-119.246857,23,Sandy,182.58,131.4,234.92,2.21,5.57,19.55,11.08,59.17,Moderate
129,35.384367,-120.204016,32,Silt,130.18,129.96,232.18,3.86,3.96,3.74,55.98,307.07,Moderate
130,35.447827,-120.595591,30,Clay,125.23,249.66,132.92,0.66,2.07,0.42,98.9,146.86,Moderate
131,35.839277,-120.976586,39,Loamy,190.97,160.65,220.97,8.78,6.16,4.2,28.39,179.19,Moderate
132,35.490559,-120.916783,31,Sandy,75.05,57.81,236.57,6.79,6.87,4.01,26.33,51.23,Low
133,35.573156,-119.271057,26,Sandy,120.45,255.42,65.08,9.48,3.95,6.52,43.94,354.0,Moderate
134,35.220475,-119.43849,12,Clay,115.9,155.26,83.27,6.6,7.62,10.31,32.46,178.06,Moderate
135,35.100514,-120.648663,30,Loamy,181.31,220.79,155.24,9.76,8.97,1.89,13.77,312.01,Moderate
136,34.220558,-120.269899,41,Loamy,84.29,232.97,131.34,4.1,3.14,12.66,85.12,243.25,Moderate
137,34.200177,-120.352658,14,Silt,98.7,285.86,199.35,5.59,4.9,1.54,19.74,141.55,Moderate
138,35.654818,-119.248244,23,Sandy,30.46,40.63,192.27,6.14,4.85,16.72,35.16,93.33,Low
139,35.299452,-119.659709,40,Loamy,96.85,40.82,81.64,9.56,2.21,16.84,10.74,194.75,Low
140,34.723939,-119.729088,40,Sandy,18.3,123.17,119.8,0.23,9.38,1.07,30.73,138.29,Low
141,34.23218,-120.857114,22,Loamy,54.36,248.44,146.61,5.69,6.87,5.82,66.82,278.51,Moderate
142,34.735237,-120.032662,17,Sandy,161.3,60.22,28.75,1.74,5.11,3.12,43.14,147.5,Low
143,35.476731,-120.830834,15,Silt,59.53,111.18,158.1,3.87,1.66,2.31,79.77,281.45,Moderate
144,35.817204,-120.22389,17,Loamy,120.33,17.81,237.55,1.77,9.5,2.78,59.82,29.71,Low
145,34.321723,-120.295513,30,Silt,177.92,44.32,240.18,1.49,0.72,10.57,96.08,222.84,Moderate
146,35.664049,-120.611758,44,Silt,161.67,232.26,159.72,1.07,6.96,4.95,78.82,332.99,Moderate
147,34.796852,-120.052784,27,Loamy,148.87,176.11,168.18,7.66,5.53,0.25,85.55,89.77,Moderate
148,34.740816,-120.282671,32,Loamy,179.02,220.51,240.24,1.12,4.26,7.27,25.61,177.35,Moderate
149,35.712132,-120.540331,42,Loamy,66.91,234.52,34.57,8.74,4.63,4.95,94.02,131.78,Moderate
150,35.717541,-119.607427,41,Loamy,173.35,130.19,79.24,9.91,9.21,5.75,47.44,367.88,Moderate
151,34.983509,-119.171484,12,Loamy,189.72,273.22,186.78,6.58,6.79,19.8,36.48,197.89,Moderate
152,35.526887,-119.035063,31,Sandy,61.73,90.58,174.46,1.28,3.29,15.65,43.89,44.8,Low
153,34.152078,-120.66342,11,Clay,138.57,117.78,94.94,1.06,1.18,8.37,84.56,370.6,Moderate
154,34.816363,-119.812708,46,Sandy,137.63,192.46,89.51,5.75,5.8,6.24,30.28,130.21,Moderate
155,35.462611,-120.264313,25,Clay,16.51,90.37,191.12,3.05,4.06,17.11,48.79,337.41,Moderate
156,35.706733,-120.211575,21,Sandy,140.89,32.85,117.03,2.3,7.48,16.87,57.56,275.51,Moderate
157,35.810258,-120.915912,24,Silt,65.9,268.34,106.22,3.48,2.02,14.6,29.01,262.43,Moderate
158,34.573952,-119.574349,39,Clay,114.31,230.34,227.29,2.41,0.16,11.07,46.43,73.95,Moderate
159,34.882702,-120.866184,40,Sandy,198.94,179.89,101.77,8.2,4.95,15.77,73.26,334.19,Moderate
160,34.706992,-119.8127,33,Clay,29.23,58.72,175.4,4.72,9.19,3.86,74.44,260.09,Moderate
161,34.453817,-120.401356,44,Clay,105.62,137.97,42.4,8.39,0.75,4.22,18.28,20.87,Low
162,34.878887,-119.404849,43,Silt,26.0,172.28,42.47,6.43,2.68,7.94,14.77,180.58,Low
163,35.167399,-119.724244,42,Clay,55.73,281.04,198.46,5.29,4.59,10.45,9.09,158.83,Moderate
164,35.449291,-120.694327,28,Loamy,181.68,117.42,121.75,5.23,4.04,19.79,52.03,54.59,Moderate
165,35.252375,-120.153444,21,Loamy,143.94,100.77,48.59,6.99,6.61,5.17,18.36,286.04,Moderate
166,34.644519,-119.629224,24,Silt,89.51,113.93,191.47,7.36,6.16,6.13,90.84,312.85,Moderate
167,34.078608,-119.840395,21,Clay,162.59,192.9,103.56,2.76,1.17,17.71,41.62,134.46,Moderate
168,34.93136,-119.476248,34,Sandy,188.37,147.73,239.82,8.27,2.35,12.54,80.49,202.7,Moderate
169,34.843261,-119.811836,40,Loamy,27.45,29.11,122.73,7.4,9.59,6.14,85.08,388.19,Moderate
170,35.194578,-119.114933,26,Loamy,129.85,47.01,231.93,5.26,6.32,10.41,70.13,128.93,Moderate
171,34.890428,-119.092502,43,Loamy,83.61,237.95,136.6,1.02,1.91,9.37,58.9,150.17,Moderate
172,35.322882,-119.167857,24,Sandy,128.3,282.15,193.57,8.87,9.14,11.14,85.25,213.24,Moderate
173,35.925596,-119.899581,45,Loamy,114.81,24.6,164.42,2.33,4.99,15.34,77.64,239.32,Moderate
174,34.268553,-119.908907,25,Sandy,103.48,197.98,87.87,1.0,6.23,18.14,94.66,135.22,Moderate
175,35.630854,-119.383942,31,Clay,142.74,261.87,207.87,7.42,3.55,18.01,60.69,341.04,High
176,35.399167,-120.000203,36,Sandy,64.94,163.42,85.63,1.01,2.05,3.25,88.38,396.97,Moderate
177,35.479906,-119.83018,44,Silt,10.27,223.19,153.46,9.91,0.26,7.7,97.37,84.55,Moderate
178,34.741699,-119.279009,14,Sandy,42.59,103.16,24.07,2.6,9.69,12.13,11.62,305.15,Moderate
179,34.957601,-119.750424,36,Loamy,179.66,160.92,46.58,1.7,1.2,13.06,59.78,348.43,Moderate
180,35.231735,-119.797612,40,Silt,103.16,118.09,91.64,6.22,8.73,7.56,51.32,69.74,Low
181,35.687283,-119.504122,17,Silt,147.38,118.47,160.67,0.26,8.56,19.61,97.1,99.45,Moderate
182,34.753818,-119.130185,49,Clay,123.19,249.26,92.24,7.47,8.63,3.54,48.23,343.32,Moderate
183,35.918319,-120.529534,20,Sandy,56.81,112.81,238.62,2.66,1.05,1.87,25.37,31.36,Low
184,35.353331,-119.190341,30,Clay,92.56,265.08,215.88,7.34,9.77,2.24,46.0,243.85,Moderate
185,35.292587,-120.487394,12,Clay,164.34,110.18,173.65,8.04,3.21,4.69,91.79,374.18,Moderate
186,35.140971,-119.622167,19,Sandy,57.56,156.42,43.36,6.19,9.28,15.12,56.57,262.07,Moderate
187,34.413011,-120.456353,44,Silt,139.64,245.82,172.18,1.5,7.15,5.79,59.08,61.83,Moderate
188,35.326498,-119.851186,38,Clay,66.7,29.28,27.26,4.36,2.86,16.67,43.25,149.12,Low
189,35.227974,-120.222191,15,Loamy,16.81,204.76,204.84,0.88,7.21,0.9,73.76,40.58,Moderate
190,34.297494,-119.190702,12,Sandy,144.38,83.98,87.75,8.82,2.55,8.1,74.84,309.24,Moderate
191,35.921854,-120.2185,37,Sandy,101.22,183.16,58.76,8.94,5.99,6.83,53.75,282.15,Moderate
192,34.276565,-119.514897,23,Loamy,160.78,113.74,22.3,5.21,9.27,0.22,76.26,38.93,Low
193,34.352308,-120.872482,12,Clay,195.39,33.07,88.25,3.26,4.43,6.95,32.52,153.72,Moderate
194,34.610969,-120.450542,47,Loamy,85.79,106.59,172.45,2.15,8.52,9.29,60.2,188.41,Moderate
195,35.897488,-120.042957,22,Silt,138.02,176.03,127.49,7.93,6.17,13.07,23.19,42.83,Moderate
196,34.074761,-119.133359,17,Sandy,75.32,262.82,229.26,2.09,2.44,4.17,36.71,223.64,Moderate
197,35.240283,-119.236203,39,Silt,101.82,55.42,177.89,5.86,1.38,13.01,37.83,111.12,Moderate
198,34.351734,-120.602362,21,Sandy,103.96,201.06,118.51,0.61,8.33,19.51,37.0,153.5,Moderate
199,34.485575,-120.048925,26,Sandy,164.56,219.94,24.7,1.64,9.04,2.11,53.67,150.9,Moderate
200,35.743513,-120.674879,26,Silt,158.54,159.39,216.0,3.47,8.3,3.66,65.08,63.09,Moderate
201,34.088693,-119.262665,43,Loamy,179.05,214.43,99.56,7.38,7.92,0.56,87.31,204.66,Moderate
202,35.75593,-120.60458,15,Loamy,63.26,184.52,90.49,3.85,7.62,12.56,30.32,131.45,Moderate
203,34.091298,-119.207943,22,Sandy,136.24,284.75,120.77,7.03,5.04,2.62,97.38,45.95,Moderate
204,34.767967,-120.613585,11,Clay,125.4,289.38,166.96,3.12,8.04,9.14,32.03,247.57,Moderate
205,34.817073,-119.677301,21,Silt,40.09,277.89,144.7,5.82,2.63,6.03,11.26,378.93,Moderate
206,35.131576,-119.688936,21,Sandy,79.5,81.31,134.83,10.0,8.27,18.43,85.89,185.19,Moderate
207,35.233514,-120.002985,23,Sandy,23.76,164.86,185.62,6.36,6.51,10.14,84.63,102.47,Moderate
208,34.410871,-120.77703,12,Sandy,83.41,186.84,145.02,4.09,4.37,5.29,66.1,199.24,Moderate
209,35.183965,-119.959746,37,Silt,164.49,38.65,57.85,4.23,5.37,7.82,96.97,142.61,Moderate
210,35.909992,-120.90652,17,Sandy,14.68,63.44,132.14,4.98,7.35,9.29,8.18,168.63,Low
211,35.761489,-119.453738,26,Sandy,87.27,140.04,167.97,0.54,4.27,8.68,99.22,279.27,Moderate
212,34.190461,-120.315282,38,Silt,74.89,104.78,213.17,6.57,8.6,6.77,86.06,53.51,Moderate
213,34.472992,-120.771522,48,Sandy,120.36,62.65,74.74,5.77,0.42,0.37,30.08,139.27,Low
214,34.912166,-119.828962,21,Silt,72.96,97.22,51.26,5.3,6.9,3.42,99.74,208.26,Moderate
215,35.931576,-120.906709,24,Sandy,27.79,154.4,47.19,4.01,2.13,11.31,88.85,125.37,Low
216,35.191523,-120.592626,46,Sandy,117.55,137.76,147.97,8.26,0.36,6.05,34.67,21.64,Low
217,35.040926,-120.562745,30,Silt,34.77,43.07,200.8,6.86,8.42,17.68,60.68,298.85,Moderate
218,34.033267,-120.519424,18,Loamy,182.22,91.64,249.09,3.29,6.21,6.69,27.76,243.35,Moderate
219,35.149191,-120.866864,37,Loamy,141.69,80.24,227.89,1.17,1.47,13.39,59.39,285.94,Moderate
220,35.925256,-119.413251,45,Clay,132.42,108.44,26.1,9.09,7.72,15.84,30.78,35.31,Low
221,34.259546,-120.820159,36,Clay,32.19,153.52,191.99,4.67,1.69,0.47,24.82,145.7,Moderate
222,35.367784,-119.010432,20,Sandy,140.61,297.92,93.57,4.66,7.23,5.84,5.53,82.02,Moderate
223,34.620739,-120.912643,34,Sandy,58.12,219.98,162.53,7.72,0.68,2.17,11.62,109.63,Moderate
224,34.452867,-120.796388,12,Silt,29.01,149.52,137.57,2.1,7.05,19.32,20.85,264.95,Moderate
225,34.671205,-119.274294,27,Clay,144.22,84.44,150.55,9.21,7.47,18.12,19.9,352.54,Moderate
226,34.260889,-120.987982,49,Clay,65.61,197.22,225.05,3.9,6.13,5.11,97.29,349.15,Moderate
227,35.286422,-120.388753,43,Sandy,39.93,97.64,107.67,6.3,1.2,7.71,36.28,32.33,Low
228,35.270588,-120.740318,46,Clay,28.25,15.1,148.09,3.33,7.18,6.28,16.02,61.84,Low
229,34.787842,-120.490297,15,Silt,116.4,96.82,57.07,3.72,1.57,5.46,35.12,361.19,Moderate
230,35.990917,-119.115106,48,Silt,11.06,291.05,31.99,8.62,6.67,17.5,11.36,45.76,Low
231,35.864638,-119.297181,14,Silt,34.83,176.17,145.18,8.81,5.37,1.89,88.07,162.1,Moderate
232,35.298659,-119.039327,19,Clay,197.77,265.12,172.4,6.81,7.78,10.58,49.73,170.97,Moderate
233,34.599163,-120.091365,38,Loamy,147.61,47.52,29.14,9.82,0.46,9.98,77.3,259.7,Moderate
234,35.157307,-119.184656,11,Loamy,61.58,93.91,55.69,1.9,1.23,6.4,61.63,55.03,Low
235,34.542409,-119.414215,13,Loamy,62.47,192.33,68.67,6.81,9.38,1.6,85.1,174.76,Moderate
236,35.316691,-120.9456,33,Silt,24.97,267.1,152.54,8.41,6.38,8.2,96.54,170.33,Moderate
237,35.644344,-119.634955,31,Clay,22.11,292.51,177.6,1.48,3.62,18.47,81.78,342.6,Moderate
238,35.350492,-119.881111,12,Clay,10.88,74.31,215.75,3.46,1.97,10.92,68.25,338.6,Moderate
239,35.77631,-120.18151,16,Silt,192.67,258.73,235.87,4.61,2.8,17.68,27.4,283.06,High
240,35.65832,-120.50235,45,Loamy,82.39,17.81,181.18,4.61,6.19,9.1,32.82,351.08,Moderate
241,34.961379,-119.640385,17,Clay,103.4,266.93,114.54,3.88,9.06,13.34,46.2,183.86,Moderate
242,34.678457,-120.786507,17,Loamy,100.23,292.19,168.39,8.39,4.3,19.91,36.58,199.56,Moderate
243,35.972625,-120.109359,20,Silt,11.55,103.53,27.03,9.92,7.92,9.53,10.29,35.97,Low
244,35.364619,-119.249177,11,Loamy,64.83,29.75,111.67,6.68,4.68,0.82,42.66,388.11,Moderate
245,34.192544,-120.66062,44,Sandy,35.83,38.27,109.04,3.36,0.16,3.83,82.17,254.14,Moderate
246,34.921124,-120.381152,34,Sandy,158.75,236.32,237.72,1.15,9.35,19.72,21.57,390.54,High
247,35.234465,-120.41718,32,Silt,181.73,296.05,52.08,9.78,3.13,8.87,16.01,168.14,Moderate
248,34.192932,-120.285443,15,Clay,130.44,34.27,241.13,6.31,3.89,14.46,59.6,37.05,Moderate
249,34.716823,-119.498703,28,Loamy,165.91,112.97,27.76,9.18,9.84,15.99,51.92,163.12,Moderate
250,34.123706,-119.1536,46,Clay,50.46,26.46,34.04,9.0,4.5,10.93,14.44,197.11,Low
251,35.86599,-120.802796,33,Loamy,30.56,247.81,81.59,6.47,0.13,0.12,48.69,68.17,Low
252,34.403774,-119.992326,10,Loamy,16.36,49.63,199.77,5.63,8.38,19.48,36.43,157.71,Low
253,34.106517,-120.99009,45,Clay,62.18,171.72,153.15,1.25,4.57,5.33,75.69,96.75,Moderate
254,34.694089,-119.024459,24,Clay,23.67,53.4,134.26,5.64,9.78,9.44,76.0,120.6,Low
255,35.115332,-119.013395,35,Clay,129.95,257.03,247.26,7.22,0.26,14.0,57.01,239.02,Moderate
256,35.825399,-120.101269,16,Silt,120.02,286.13,94.2,7.76,4.21,5.18,90.22,264.26,Moderate
257,34.905987,-120.188847,49,Clay,80.78,289.75,47.34,8.03,2.23,11.97,73.55,373.86,Moderate
258,35.814429,-120.084701,31,Sandy,67.25,142.4,46.91,0.74,5.25,9.03,97.67,77.23,Low
259,35.5012,-120.357303,20,Silt,141.74,52.09,136.08,6.65,3.37,10.45,63.16,112.61,Moderate
260,34.3451,-119.085141,22,Clay,41.52,188.79,82.84,1.87,6.8,7.85,74.57,109.75,Moderate
261,35.157799,-119.643241,45,Silt,140.77,230.86,235.65,9.3,9.79,4.3,32.79,192.54,Moderate
262,35.913323,-119.297199,41,Silt,130.02,203.15,35.68,1.89,7.69,1.0,56.97,147.18,Moderate
263,35.694061,-119.311384,11,Silt,65.11,89.56,145.99,8.92,4.62,9.29,86.56,397.89,Moderate
264,34.482743,-120.2457,19,Sandy,153.42,160.29,195.36,1.22,5.07,8.09,22.83,343.91,Moderate
265,34.428381,-119.371044,35,Silt,123.18,176.71,191.84,6.64,3.3,3.42,60.73,343.51,Moderate
266,35.043163,-120.946086,23,Silt,24.13,291.58,139.99,3.7,7.42,6.96,88.31,282.09,Moderate
267,35.80327,-120.431607,39,Clay,187.52,209.67,143.95,7.7,1.35,16.47,14.93,191.77,Moderate
268,35.767842,-119.308794,36,Loamy,87.2,58.12,111.41,2.22,1.07,16.54,67.92,280.79,Moderate
269,35.557272,-119.3224,10,Silt,60.35,209.36,120.94,1.15,0.19,12.93,56.63,24.9,Low
270,34.460822,-119.6761,47,Silt,52.88,225.67,74.0,3.01,1.0,0.86,50.32,390.76,Moderate
271,34.562144,-120.206486,42,Clay,157.36,288.15,125.23,4.65,6.51,17.17,27.12,63.35,Moderate
272,34.190908,-120.318153,35,Clay,174.5,286.55,57.5,1.73,4.27,8.7,82.96,79.16,Moderate
273,35.940637,-120.10601,30,Clay,39.8,76.38,199.19,6.15,2.75,15.34,39.43,288.14,Moderate
274,35.944594,-119.822849,48,Loamy,154.08,294.77,145.66,4.15,0.75,3.4,25.76,306.63,Moderate
275,34.122192,-119.496428,34,Loamy,128.9,101.84,211.61,3.7,3.05,11.83,85.36,303.13,Moderate
276,35.920665,-119.520834,16,Sandy,82.74,247.09,121.53,7.52,6.35,18.87,91.85,165.75,Moderate
277,34.240142,-119.235763,14,Clay,49.33,241.28,96.2,4.57,6.02,10.66,70.43,127.94,Moderate
278,34.672044,-119.67843,34,Clay,103.42,191.44,175.63,7.23,6.53,12.37,62.57,229.79,Moderate
279,35.516358,-119.636989,38,Silt,26.09,220.59,176.59,0.44,8.32,12.45,41.48,137.46,Moderate
280,34.041921,-120.65023,43,Clay,62.04,45.61,61.61,3.94,9.11,14.35,23.12,205.57,Low
281,35.721449,-119.212554,11,Loamy,27.35,144.71,215.79,2.07,3.69,18.76,85.53,24.77,Moderate
282,35.114814,-119.937059,11,Sandy,36.57,130.14,114.91,7.15,2.07,0.1,36.88,157.44,Low
283,34.586003,-119.676633,42,Clay,14.96,70.46,153.96,2.26,5.26,12.38,59.68,314.58,Moderate
284,35.991267,-120.711187,10,Loamy,192.25,266.6,105.95,9.6,6.32,3.03,40.94,275.2,Moderate
285,34.062404,-120.375373,11,Clay,41.04,295.28,42.44,5.39,7.32,11.86,64.21,268.15,Moderate
286,35.14959,-120.358896,26,Clay,187.36,173.58,96.46,4.53,9.26,6.59,20.6,167.15,Moderate
287,34.968474,-119.053481,29,Clay,183.22,125.88,45.05,4.11,6.07,12.86,89.01,209.93,Moderate
288,35.65867,-120.100733,17,Silt,101.08,238.52,132.55,6.08,7.68,0.42,84.86,43.97,Moderate
289,34.55225,-120.647366,37,Silt,15.03,32.47,158.01,0.88,6.67,5.54,84.83,395.27,Moderate
290,35.649893,-119.745585,16,Loamy,138.47,164.11,183.68,8.89,0.86,4.39,99.57,168.54,Moderate
291,35.911712,-119.70398,12,Sandy,92.07,60.21,94.02,0.48,7.87,3.17,89.48,396.23,Moderate
292,35.851991,-119.923321,34,Clay,156.5,85.37,50.97,8.98,7.01,4.77,43.49,114.15,Low
293,34.827675,-119.10537,23,Clay,142.32,150.66,149.14,7.1,3.28,0.96,35.75,367.25,Moderate
294,35.459796,-120.910566,17,Sandy,177.09,82.25,111.24,6.72,6.67,5.18,99.78,354.34,Moderate
295,35.308009,-119.558669,40,Silt,191.62,270.75,81.4,5.77,2.17,7.42,55.84,60.1,Moderate
296,35.756306,-119.353422,38,Clay,20.37,163.07,53.47,0.29,1.67,19.7,74.95,371.14,Moderate
297,35.875785,-119.11673,43,Loamy,87.99,203.56,135.62,2.42,4.49,10.16,69.57,46.36,Moderate
298,35.366617,-120.467822,48,Sandy,143.87,141.62,164.27,5.73,8.52,1.0,67.67,272.9,Moderate
299,34.394516,-119.854995,19,Clay,161.31,16.19,200.9,9.31,9.29,6.3,65.09,306.5,Moderate
300,35.11755,-119.783935,36,Loamy,131.39,75.82,87.77,5.53,0.82,18.23,52.52,150.05,Moderate
301,34.310413,-120.360991,47,Loamy,46.54,56.69,46.71,7.91,2.43,14.98,71.57,338.6,Moderate
302,34.956992,-120.964426,39,Loamy,188.37,247.5,121.55,7.54,7.99,18.6,99.25,392.53,High
303,35.071403,-119.51857,44,Loamy,183.24,278.72,119.03,9.52,7.43,16.02,44.24,23.6,Moderate
304,34.409532,-119.016157,27,Loamy,180.41,49.95,226.55,2.62,1.61,3.51,64.83,231.87,Moderate
305,34.121747,-120.686731,29,Silt,75.99,218.89,39.91,5.26,1.09,14.77,34.83,372.52,Moderate
306,35.020856,-120.295783,22,Silt,17.1,100.92,68.38,4.1,4.49,16.84,40.41,386.12,Moderate
307,34.413097,-120.946612,47,Sandy,38.35,27.63,178.46,9.42,9.71,9.33,69.64,357.58,Moderate
308,35.114962,-120.499683,29,Sandy,62.35,160.75,225.13,9.47,9.7,15.6,78.48,50.27,Moderate
309,35.907898,-120.283154,26,Loamy,117.75,229.29,160.1,1.31,9.59,10.53,84.74,269.26,Moderate
310,34.032575,-120.320091,31,Sandy,180.7,70.9,191.88,2.2,6.43,13.28,82.53,76.61,Moderate
311,34.800785,-120.188683,43,Silt,16.26,195.32,160.34,7.17,3.72,17.74,7.83,178.67,Moderate
312,34.515275,-119.069419,21,Loamy,15.36,67.85,117.81,8.09,0.74,12.93,48.81,233.89,Moderate
313,34.047551,-119.002307,44,Clay,142.91,175.02,73.37,5.53,9.92,10.9,57.75,213.56,Moderate
314,34.257734,-120.978131,28,Loamy,80.48,252.75,79.19,2.05,7.04,14.62,31.46,37.81,Moderate
315,34.043359,-119.145364,14,Silt,129.03,98.01,71.11,3.71,5.18,19.98,47.81,160.71,Moderate
316,34.877992,-120.504588,17,Silt,13.5,257.84,198.47,3.81,1.42,16.61,28.14,292.87,Moderate
317,35.118,-120.70889,18,Loamy,31.7,144.48,59.59,6.06,0.59,8.79,75.88,51.34,Low
318,34.977073,-119.776409,13,Clay,107.33,158.99,93.56,4.08,3.57,13.62,33.03,321.19,Moderate
319,35.382161,-120.513157,29,Loamy,190.43,21.1,168.23,8.42,5.98,13.1,15.76,251.13,Moderate
320,35.895548,-119.361792,10,Loamy,151.69,98.25,145.99,7.03,8.99,7.69,42.58,134.57,Moderate
321,34.175112,-120.626596,48,Clay,155.82,295.69,114.03,5.52,2.32,19.65,62.41,221.5,Moderate
322,34.848519,-119.874815,36,Sandy,132.74,105.46,49.8,6.54,8.74,11.95,17.65,395.8,Moderate
323,35.520463,-120.656752,29,Sandy,198.97,215.75,90.49,3.5,3.28,11.17,86.69,93.89,Moderate
324,35.087829,-119.325511,45,Sandy,176.69,37.36,99.42,4.89,1.79,17.28,69.58,330.83,Moderate
325,35.363194,-120.389602,13,Loamy,160.9,32.76,41.45,8.16,0.88,19.13,62.88,290.85,Moderate
326,34.411637,-120.619686,28,Sandy,118.63,152.06,26.23,0.64,9.5,1.62,31.55,104.15,Low
327,35.516714,-119.817486,31,Sandy,88.32,116.52,115.94,8.59,5.96,3.48,56.46,233.31,Moderate
328,35.797176,-120.651995,28,Clay,19.1,178.6,109.41,6.98,0.39,13.66,13.91,22.4,Low
329,35.864739,-119.854257,16,Sandy,118.17,257.56,78.14,0.72,8.75,11.3,6.26,75.64,Moderate
330,35.10907,-120.567119,29,Loamy,132.86,151.73,94.17,9.52,9.81,18.96,79.45,87.19,Moderate
331,35.92901,-120.19384,31,Loamy,133.55,94.22,28.7,0.63,1.52,11.89,68.68,151.78,Low
332,34.009952,-120.190228,49,Sandy,76.33,98.22,85.06,6.73,3.66,12.16,58.9,248.02,Moderate
333,34.428622,-119.63324,26,Silt,66.14,15.44,89.71,5.1,4.14,19.24,86.15,120.75,Low
334,34.778835,-119.519813,32,Silt,121.9,128.6,244.91,1.46,9.42,1.83,14.25,127.2,Moderate
335,34.482477,-119.194914,45,Sandy,112.95,218.35,102.34,5.53,4.8,1.13,18.17,311.41,Moderate
336,34.613356,-120.64936,18,Silt,51.71,145.26,27.62,1.49,3.78,6.09,49.47,342.71,Moderate
337,35.937409,-120.574879,35,Sandy,91.67,85.12,144.66,8.83,8.75,12.76,31.23,153.26,Moderate
338,34.825979,-120.81844,18,Loamy,15.06,114.72,73.28,5.19,1.79,4.59,56.51,379.14,Moderate
339,34.518284,-119.052276,34,Clay,132.25,200.47,201.86,1.09,7.7,2.59,70.08,324.34,Moderate
340,35.334783,-120.747778,45,Sandy,154.41,165.07,20.83,2.48,8.84,5.64,42.53,64.7,Low
341,34.66981,-120.132208,13,Sandy,36.29,93.74,139.3,6.62,8.87,1.92,10.52,194.01,Low
342,35.008472,-120.508605,44,Clay,58.83,209.74,106.95,4.04,1.58,13.57,67.8,284.8,Moderate
343,34.911081,-119.117881,20,Loamy,60.99,240.2,158.87,8.0,5.7,3.58,90.14,302.83,Moderate
344,35.152875,-119.109101,23,Clay,26.62,71.69,81.41,1.42,0.19,13.83,84.91,144.58,Low
345,34.384891,-119.920882,45,Sandy,193.28,202.94,245.96,0.97,0.49,11.28,22.69,225.78,Moderate
346,35.196256,-119.514949,26,Silt,24.37,179.69,109.52,5.51,0.26,4.73,80.48,88.32,Low
347,34.78144,-119.224796,40,Silt,106.27,147.43,221.07,8.41,2.61,8.81,9.67,295.27,Moderate
348,34.604211,-119.641825,18,Silt,179.4,126.05,214.75,0.68,6.18,12.57,56.39,309.52,Moderate
349,34.922596,-119.731272,35,Clay,66.02,24.33,110.7,7.22,7.5,17.14,51.31,359.0,Moderate
350,34.969982,-119.277623,26,Silt,182.93,46.11,241.17,3.49,2.63,5.28,89.74,188.29,Moderate
351,35.809286,-120.96735,23,Loamy,163.96,247.36,126.51,0.2,0.36,19.72,76.49,197.85,Moderate
352,35.15214,-119.556608,11,Clay,140.96,294.32,218.73,7.73,0.94,18.55,81.82,145.5,Moderate
353,34.461191,-119.2083,37,Clay,57.75,110.76,122.08,1.69,6.51,7.14,7.42,141.8,Low
354,34.236872,-120.496348,43,Silt,41.74,223.42,123.52,4.74,6.06,19.3,70.6,356.63,Moderate
355,35.897388,-119.508148,34,Silt,73.38,68.73,132.6,5.62,4.49,0.44,42.06,201.86,Moderate
356,34.046361,-120.801219,41,Loamy,18.75,267.16,123.8,9.07,9.23,19.27,20.62,327.07,Moderate
357,35.564573,-120.638637,28,Sandy,122.81,64.7,202.87,0.22,9.86,10.5,28.31,329.02,Moderate
358,34.372785,-120.517763,31,Sandy,95.8,112.81,187.62,6.63,4.89,12.58,97.5,121.13,Moderate
359,34.810505,-120.077627,30,Loamy,140.05,109.9,187.44,3.73,4.8,0.81,79.23,364.04,Moderate
360,34.635353,-119.995545,23,Loamy,186.31,75.01,46.66,0.19,3.48,8.7,79.21,385.73,Moderate
361,35.257055,-120.573396,27,Clay,117.49,118.08,27.04,4.88,7.08,15.56,18.34,398.65,Moderate
362,35.196594,-120.348377,35,Silt,21.38,200.21,247.75,4.68,2.91,18.84,47.09,398.01,Moderate
363,35.542787,-119.840602,25,Clay,82.07,240.33,25.46,9.45,3.76,8.21,41.74,297.75,Moderate
364,35.276651,-120.837652,31,Sandy,64.28,136.71,168.33,6.45,7.1,10.21,89.82,81.03,Moderate
365,35.680689,-120.423864,42,Loamy,171.54,148.81,243.09,4.85,8.71,13.3,27.49,394.55,High
366,34.525925,-120.868628,40,Sandy,160.47,151.18,156.91,8.35,7.14,1.86,77.2,42.17,Moderate
367,34.921066,-120.107779,30,Sandy,137.78,139.7,151.18,0.97,3.09,12.96,69.27,84.63,Moderate
368,35.154521,-120.625488,29,Clay,142.56,95.32,101.59,5.52,6.75,15.35,92.36,342.84,Moderate
369,34.151999,-119.985958,26,Sandy,63.21,251.91,72.24,9.96,2.41,4.13,9.11,155.81,Moderate
370,35.262513,-119.002765,37,Silt,87.96,58.25,68.82,1.65,7.37,17.83,15.51,256.04,Moderate
371,35.116646,-120.596064,25,Clay,46.16,238.35,35.96,0.32,4.99,14.88,88.2,49.23,Low
372,35.694018,-119.78852,36,Loamy,98.54,211.28,53.37,8.05,1.53,0.36,82.1,388.67,Moderate
373,35.039931,-119.360302,42,Sandy,86.59,236.53,155.96,9.93,5.24,15.96,25.95,272.56,Moderate
374,34.842226,-120.588945,47,Silt,92.38,234.39,36.85,6.32,0.94,13.1,57.88,274.74,Moderate
375,34.577252,-120.27551,29,Silt,52.96,136.14,31.3,1.11,5.05,17.26,83.1,310.16,Moderate
376,34.219033,-119.828648,33,Loamy,79.35,33.32,84.98,9.37,1.52,4.54,72.37,214.49,Low
377,35.43661,-120.609078,18,Silt,125.36,166.21,147.53,3.37,8.56,18.86,68.16,138.28,Moderate
378,34.052563,-119.860115,22,Sandy,76.55,24.93,202.65,5.21,9.2,0.29,85.93,86.93,Low
379,34.586069,-119.264934,41,Loamy,28.86,209.62,180.54,1.7,3.43,13.8,56.55,283.33,Moderate
380,34.228505,-119.351727,38,Sandy,148.71,128.62,160.51,4.28,5.33,18.7,76.26,374.05,Moderate
381,34.501132,-119.501389,48,Silt,174.96,80.31,187.07,7.22,1.44,1.19,44.93,396.93,Moderate
382,35.258644,-120.422321,44,Loamy,155.58,270.73,89.94,8.13,5.46,17.54,86.69,377.04,High
383,35.544081,-120.783968,46,Clay,174.69,42.64,36.89,1.96,1.34,4.47,30.79,128.01,Low
384,34.485299,-120.580584,23,Clay,55.53,256.51,95.4,3.86,7.35,5.28,10.58,117.58,Moderate
385,35.927109,-120.464325,34,Loamy,195.53,226.86,150.84,1.72,8.33,5.18,26.36,127.44,Moderate
386,34.819262,-119.761386,13,Sandy,156.04,216.31,147.28,1.89,6.68,19.26,19.63,215.95,Moderate
387,34.61224,-119.131679,44,Loamy,189.06,69.34,188.67,7.63,9.38,5.28,8.13,211.91,Moderate
388,35.266681,-120.871093,25,Silt,137.12,126.94,43.2,3.76,2.81,15.08,53.33,50.53,Low
389,35.245635,-120.870588,13,Loamy,136.76,162.21,161.45,4.08,9.13,2.02,37.29,350.06,Moderate
390,34.330333,-120.287903,29,Clay,85.88,40.87,91.06,1.79,5.18,14.23,66.53,343.47,Moderate
391,34.062011,-120.673825,24,Silt,180.9,225.16,146.85,3.58,1.42,1.38,19.68,143.32,Moderate
392,35.542262,-120.622588,21,Sandy,174.01,268.81,42.55,4.72,6.8,4.32,59.94,364.14,Moderate
393,34.616465,-119.154689,40,Sandy,157.7,138.77,245.09,6.71,2.29,1.24,61.56,155.44,Moderate
394,34.716421,-120.16225,28,Silt,22.06,141.9,113.21,2.42,1.94,14.83,7.73,129.1,Low
395,34.164005,-120.882855,39,Clay,174.29,214.17,96.42,3.47,7.89,1.63,14.87,288.32,Moderate
396,35.477469,-120.687764,39,Sandy,93.07,242.03,119.14,1.68,8.91,18.99,94.27,29.55,Moderate
397,35.834266,-120.017983,37,Sandy,179.78,173.4,209.66,7.27,8.91,13.83,17.95,102.44,Moderate
398,34.222233,-120.173847,14,Sandy,98.73,299.27,134.38,6.9,1.01,3.36,65.49,29.52,Moderate
399,34.419405,-120.447839,27,Clay,179.72,235.64,137.14,9.61,1.63,0.65,73.82,129.39,Moderate
400,35.271662,-120.414759,41,Silt,142.51,177.49,149.66,7.84,9.66,19.73,89.19,293.04,Moderate
401,35.228886,-120.120648,20,Sandy,107.84,180.3,133.9,8.13,5.08,10.84,49.76,397.9,Moderate
402,34.10215,-119.526137,29,Loamy,167.9,182.59,63.34,3.12,5.29,19.49,59.23,388.83,Moderate
403,34.927381,-119.227122,15,Loamy,132.87,61.0,166.02,8.86,2.07,2.63,50.84,284.13,Moderate
404,34.786238,-120.446258,24,Loamy,33.94,201.32,207.28,9.76,3.46,3.84,93.04,335.81,Moderate
405,34.284519,-119.008067,29,Silt,12.46,71.23,202.4,0.08,6.3,6.78,52.4,106.83,Low
406,35.644316,-120.43723,48,Sandy,194.18,244.81,122.33,5.72,5.15,11.82,55.71,53.2,Moderate
407,34.748931,-119.041345,41,Clay,167.5,255.28,92.87,5.72,2.14,7.64,98.9,30.83,Moderate
408,35.523036,-119.311725,31,Sandy,179.2,35.96,115.54,4.91,2.25,2.32,94.4,69.28,Moderate
409,34.465064,-120.644474,26,Sandy,20.08,110.8,92.57,6.71,8.28,0.47,10.98,329.45,Moderate
410,34.370138,-120.854759,40,Silt,67.57,30.17,233.05,7.3,2.76,18.58,38.5,280.43,Moderate
411,34.707519,-119.837128,18,Clay,60.77,209.59,204.87,7.81,5.58,7.05,57.96,381.06,Moderate
412,34.037333,-119.043933,49,Sandy,67.45,98.56,241.18,5.99,3.54,3.48,80.01,81.0,Moderate
413,34.782436,-120.70011,20,Loamy,162.69,209.3,219.84,7.79,7.59,19.32,10.77,224.95,Moderate
414,34.269572,-119.584144,42,Sandy,29.73,250.08,22.31,3.68,7.87,17.39,89.61,97.81,Moderate
415,35.539248,-120.734088,14,Loamy,62.47,96.61,202.23,5.79,6.92,12.63,22.17,247.45,Moderate
416,35.276294,-119.004956,24,Silt,11.28,140.98,175.17,7.34,2.47,8.5,29.94,354.93,Moderate
417,34.353471,-119.218073,30,Sandy,64.76,245.33,104.16,0.12,3.22,5.53,76.03,296.78,Moderate
418,35.064635,-120.212401,30,Sandy,168.96,157.14,220.09,3.21,6.91,12.72,11.79,311.7,Moderate
419,35.51834,-120.698339,44,Clay,118.74,225.83,246.35,5.78,5.3,11.93,5.04,143.02,Moderate
420,34.375139,-119.669563,17,Loamy,74.58,281.61,248.03,9.8,9.52,2.51,20.87,74.66,Moderate
421,35.978578,-120.238017,35,Clay,105.18,207.84,36.48,8.22,9.73,14.55,98.14,97.69,Moderate
422,35.435803,-119.758821,16,Loamy,99.2,129.81,117.3,0.47,9.48,4.94,38.34,97.65,Low
423,35.215867,-119.694392,47,Loamy,46.89,167.07,36.91,6.97,0.86,4.73,43.61,167.46,Low
424,35.569091,-120.034722,49,Loamy,69.48,221.62,201.2,8.12,1.86,13.99,76.09,128.99,Moderate
425,34.57962,-119.908408,31,Sandy,29.46,221.31,240.39,6.52,7.88,8.12,24.9,36.88,Moderate
426,35.139001,-120.891086,13,Silt,163.98,285.68,175.52,7.97,4.92,7.77,75.79,150.24,Moderate
427,34.805406,-119.73268,44,Clay,133.51,172.5,101.19,1.16,5.53,3.95,54.61,54.82,Moderate
428,35.190117,-120.685165,28,Silt,56.46,269.86,185.24,7.18,6.45,1.17,26.76,346.73,Moderate
429,35.906682,-120.64807,40,Loamy,120.19,212.76,44.8,3.35,0.8,4.3,97.5,215.19,Moderate
430,34.7802,-120.53603,19,Silt,133.25,75.85,88.41,8.45,1.81,16.57,60.8,56.01,Low
431,35.020771,-120.59916,22,Sandy,67.76,54.02,153.08,8.84,0.31,1.57,54.43,360.36,Moderate
432,34.748262,-119.980389,44,Loamy,62.71,104.27,236.62,9.74,0.96,3.93,57.82,386.86,Moderate
433,34.614354,-120.527408,45,Sandy,73.96,212.39,99.2,8.69,2.06,6.6,81.0,370.56,Moderate
434,35.110714,-119.60483,41,Sandy,23.8,261.68,104.84,2.37,1.3,5.3,48.42,308.1,Moderate
435,34.89573,-120.995786,14,Sandy,66.27,96.45,143.59,4.05,7.29,6.22,90.39,294.0,Moderate
436,35.13116,-119.987353,15,Loamy,79.51,290.86,164.84,3.15,5.83,16.4,83.05,200.97,Moderate
437,34.737743,-119.133017,23,Silt,75.58,30.38,69.97,4.56,1.56,10.81,10.94,323.47,Moderate
438,35.632123,-120.796753,42,Loamy,47.35,136.92,47.28,3.69,7.78,6.52,10.91,337.64,Moderate
439,34.261245,-119.083405,34,Silt,57.1,52.71,138.75,1.22,4.26,3.93,76.82,31.52,Low
440,35.237753,-119.370239,29,Clay,40.12,134.42,42.86,8.12,7.18,9.85,22.62,79.1,Low
441,34.124931,-119.843061,14,Silt,87.56,162.33,223.74,4.84,9.67,8.87,10.51,392.36,Moderate
442,34.792973,-119.234242,17,Loamy,168.99,17.86,181.79,2.71,0.4,11.24,5.57,349.38,Moderate
443,34.066582,-120.221834,14,Loamy,130.19,230.26,194.49,7.7,5.41,15.05,71.5,342.28,Moderate
444,34.162793,-120.32202,27,Sandy,132.48,144.07,54.6,8.72,8.63,1.96,38.14,339.32,Moderate
445,35.633219,-120.477639,31,Loamy,173.63,229.08,160.56,0.21,7.66,5.29,31.0,356.5,Moderate
446,34.608215,-120.236504,42,Clay,47.98,45.94,107.92,8.83,1.05,2.55,66.52,68.24,Low
447,34.765592,-119.905232,49,Silt,66.3,239.01,26.79,0.56,3.24,16.26,89.89,306.13,Moderate
448,35.06085,-120.685929,35,Loamy,118.12,173.66,213.07,3.38,7.54,12.4,86.83,299.23,Moderate
449,34.53965,-120.141314,27,Sandy,128.7,52.76,120.0,4.97,6.79,18.99,15.06,263.68,Moderate
450,34.309833,-119.141745,44,Clay,166.84,64.72,222.93,9.01,9.25,19.5,54.89,282.63,Moderate
451,35.568857,-120.748404,31,Sandy,78.18,43.9,62.58,5.54,3.98,13.58,92.34,265.78,Moderate
452,34.527552,-119.527521,45,Silt,54.07,148.36,122.87,2.54,5.49,3.65,76.55,295.54,Moderate
453,34.35186,-120.594035,16,Silt,157.84,49.21,153.14,6.71,6.74,6.96,78.05,245.6,Moderate
454,35.223452,-120.277694,23,Clay,21.61,27.39,205.46,4.92,3.12,13.4,91.08,205.78,Moderate
455,34.666658,-119.209181,14,Silt,106.93,91.61,34.48,9.99,8.58,14.88,25.55,234.09,Moderate
456,35.581838,-119.520422,22,Sandy,191.89,269.2,30.17,4.44,6.36,15.03,33.04,39.28,Moderate
457,34.159506,-120.885862,49,Clay,192.65,235.32,210.58,9.52,7.31,18.12,62.9,399.71,High
458,34.856148,-119.307833,20,Loamy,111.18,278.12,186.73,2.31,9.13,9.34,31.3,350.65,Moderate
459,35.243935,-120.66231,38,Silt,96.24,178.86,235.36,4.31,7.9,19.92,84.79,128.38,Moderate
460,34.29727,-119.66042,41,Loamy,117.2,100.52,51.72,1.53,3.27,16.41,96.81,66.9,Low
461,34.329057,-119.661119,26,Silt,165.05,239.16,90.71,5.47,8.49,5.78,45.94,292.79,Moderate
462,34.389445,-120.344256,20,Silt,37.07,22.07,74.0,5.73,7.44,3.83,16.31,225.7,Low
463,34.393141,-119.201702,40,Clay,27.79,24.49,105.96,3.68,5.88,19.05,25.13,239.9,Low
464,35.034796,-120.986869,24,Sandy,75.19,261.98,152.48,2.82,6.88,13.3,25.2,284.27,Moderate
465,35.867255,-120.795832,38,Silt,59.68,140.49,234.38,0.9,7.43,18.27,85.47,358.37,Moderate
466,35.921651,-119.404939,29,Loamy,139.45,79.32,69.4,3.21,3.87,14.37,19.87,234.69,Moderate
467,34.129415,-120.164044,23,Loamy,127.18,291.3,28.32,3.2,6.49,8.9,6.48,244.74,Moderate
468,35.589234,-120.475146,31,Clay,127.53,133.62,229.24,9.54,3.93,3.43,23.43,129.33,Moderate
469,34.001017,-120.655774,35,Clay,109.65,113.68,59.12,5.94,9.27,2.02,80.12,23.82,Low
470,34.136874,-119.658795,35,Clay,42.15,93.15,98.02,9.72,9.54,5.65,99.71,342.69,Moderate
471,35.434798,-119.203282,21,Silt,150.52,21.07,151.44,4.21,1.42,1.11,50.9,395.66,Moderate
472,35.372279,-120.494283,14,Sandy,33.17,224.35,57.6,3.71,3.99,13.83,81.56,156.97,Moderate
473,34.416185,-120.121725,19,Sandy,159.58,151.72,209.35,5.91,7.13,18.1,54.86,166.63,Moderate
474,34.952211,-119.346279,38,Sandy,70.96,134.27,203.7,4.63,2.69,3.04,52.14,396.0,Moderate
475,34.525048,-120.777263,45,Silt,40.83,218.27,123.84,0.5,5.83,4.43,6.74,102.1,Moderate
476,34.189841,-120.958006,24,Clay,171.95,69.34,28.88,4.11,6.13,13.09,83.58,378.32,Moderate
477,34.176659,-120.215191,30,Clay,93.05,19.72,77.49,5.69,2.42,11.88,71.74,188.37,Low
478,35.140636,-119.411974,15,Loamy,77.57,119.07,82.27,3.48,4.85,10.68,28.04,279.39,Moderate
479,35.513642,-120.644041,31,Silt,40.14,176.34,120.3,7.79,6.86,12.01,99.24,265.57,Moderate
480,35.44714,-120.20521,17,Clay,28.84,65.23,66.13,9.5,8.93,15.11,60.82,152.75,Low
481,35.702702,-120.730956,11,Clay,119.11,198.07,138.35,2.91,8.79,18.29,35.75,100.07,Moderate
482,35.955022,-120.528758,22,Loamy,34.49,57.0,242.12,8.34,6.48,0.1,78.13,349.78,Moderate
483,35.77204,-120.677323,10,Silt,26.37,296.26,214.47,2.67,7.68,17.68,53.59,278.29,Moderate
484,34.391805,-119.552337,21,Silt,19.13,243.09,114.25,0.29,8.27,11.03,17.65,261.48,Moderate
485,34.592704,-120.596347,25,Loamy,46.85,57.83,222.18,2.51,8.7,1.55,23.34,375.71,Moderate
486,34.461927,-119.75935,29,Loamy,35.5,85.89,101.8,9.05,8.7,11.69,41.08,103.48,Low
487,34.101883,-120.035612,25,Clay,22.75,148.62,50.51,6.32,2.5,18.02,19.52,25.3,Low
488,34.709231,-120.524897,30,Silt,181.36,255.61,168.0,2.23,6.17,14.35,50.6,307.38,Moderate
489,35.611079,-120.558186,12,Clay,59.55,266.59,86.29,3.01,3.37,13.47,75.38,172.67,Moderate
490,34.784121,-120.268297,45,Clay,114.74,280.8,152.91,2.97,4.19,14.66,51.02,376.57,Moderate
491,34.488206,-120.043294,36,Loamy,109.6,286.79,50.78,7.41,4.01,5.55,25.11,386.67,Moderate
492,34.471794,-120.702277,30,Clay,116.65,59.24,112.31,9.52,5.22,3.03,66.01,276.17,Moderate
493,34.707987,-120.454997,27,Clay,89.6,156.16,247.25,8.37,2.97,5.73,52.56,197.47,Moderate
494,34.543081,-119.656228,31,Sandy,112.86,97.25,113.84,6.74,3.74,0.53,34.28,135.53,Moderate
495,35.771983,-120.058115,21,Silt,25.92,79.7,84.12,2.82,1.16,18.35,13.31,277.8,Moderate
496,34.227757,-120.555664,25,Loamy,136.3,87.6,22.28,9.66,2.03,15.08,50.63,248.71,Moderate
497,34.820949,-119.376977,36,Loamy,157.78,187.11,115.73,7.84,4.15,3.67,97.1,75.55,Moderate
498,34.502326,-120.139401,19,Loamy,91.29,233.54,75.35,5.43,7.79,16.03,7.13,112.28,Moderate
499,34.646838,-120.11465,46,Loamy,92.58,87.25,87.87,1.96,7.88,17.52,76.16,32.71,Low
500,34.66942,-119.210283,26,Sandy,86.74,239.8,125.36,9.58,7.69,14.07,37.9,279.39,Moderate
501,35.98862,-119.324261,22,Silt,198.88,168.05,246.61,1.47,5.44,7.72,84.08,148.02,Moderate
502,34.874395,-120.056518,17,Loamy,199.58,47.78,48.56,7.78,7.48,5.45,87.3,202.76,Moderate
503,34.256941,-119.307327,49,Silt,182.69,175.12,150.77,9.72,3.85,11.19,67.0,60.32,Moderate
504,34.149823,-119.608336,15,Silt,79.61,39.71,227.34,4.05,3.76,4.56,64.4,119.72,Moderate
505,34.405829,-120.174866,34,Sandy,137.03,88.42,33.7,1.45,2.01,1.44,50.2,90.5,Low
506,34.129517,-120.916346,34,Clay,117.5,82.27,160.17,1.29,9.6,16.76,35.24,65.61,Low
507,34.593426,-119.598798,24,Clay,138.09,146.71,83.27,5.56,1.24,4.98,45.04,256.63,Moderate
508,35.178634,-120.617061,12,Clay,107.92,165.06,165.09,8.72,2.07,13.55,35.03,56.8,Moderate
509,34.740894,-119.227062,35,Sandy,101.91,281.69,117.38,4.93,0.38,15.31,77.27,107.96,Moderate
510,35.221411,-120.659954,14,Clay,31.59,72.84,241.12,3.38,6.43,7.64,74.43,382.12,Moderate
511,35.649692,-119.628407,26,Clay,117.47,88.4,21.34,8.29,8.23,4.66,16.06,190.17,Low
512,34.300465,-119.177661,32,Clay,98.61,298.75,101.94,1.81,4.77,5.39,63.7,196.97,Moderate
513,34.667518,-119.588358,17,Silt,199.27,231.53,224.65,9.45,5.53,0.56,13.1,234.18,Moderate
514,34.040768,-119.239934,34,Clay,145.83,298.72,206.91,6.47,4.01,16.0,57.23,125.09,Moderate
515,35.594991,-119.944117,43,Clay,170.57,169.07,36.28,9.57,3.3,15.05,94.41,83.08,Moderate
516,35.329195,-119.910247,30,Sandy,163.72,166.24,196.1,8.2,0.19,9.77,15.54,266.47,Moderate
517,34.515384,-119.130896,30,Clay,21.66,210.63,56.95,9.0,0.66,16.41,37.01,22.64,Low
518,34.601417,-119.848721,33,Loamy,102.36,177.96,56.5,8.38,3.45,8.71,29.01,222.72,Moderate
519,34.643685,-119.382048,20,Loamy,187.25,148.82,204.04,5.08,7.5,13.15,81.92,179.95,Moderate
520,34.751723,-120.715809,47,Silt,148.24,34.77,144.58,0.89,9.55,7.42,39.89,369.52,Moderate
521,35.784498,-119.965087,24,Loamy,119.86,186.75,113.5,1.57,2.56,19.28,6.4,336.7,Moderate
522,35.11721,-119.871679,44,Sandy,179.62,147.44,244.15,0.26,8.87,6.86,26.77,115.81,Moderate
523,34.414419,-120.298668,39,Clay,34.88,252.07,134.92,9.8,7.5,8.38,11.37,242.33,Moderate
524,34.250891,-119.960055,23,Loamy,19.16,221.16,186.89,3.49,8.83,17.85,70.97,315.44,Moderate
525,35.582871,-119.940772,18,Sandy,77.6,287.88,64.01,4.25,0.78,15.05,47.64,145.04,Moderate
526,34.15518,-120.34034,32,Loamy,125.6,140.0,179.57,6.89,3.33,5.9,71.3,257.92,Moderate
527,35.124802,-119.584649,48,Silt,23.74,265.07,239.31,7.92,0.68,14.96,18.59,159.51,Moderate
528,34.652154,-120.694179,38,Clay,199.98,208.13,233.54,2.45,3.48,11.67,46.5,191.08,Moderate
529,35.888445,-120.931723,13,Loamy,37.28,288.38,241.2,4.29,4.14,18.05,34.57,241.96,Moderate
530,35.460455,-120.939003,41,Clay,94.84,198.62,54.1,8.64,2.79,0.28,37.15,191.28,Moderate
531,34.782847,-119.681727,15,Loamy,119.45,84.33,34.42,5.1,6.9,18.8,15.02,394.27,Moderate
532,34.839424,-120.17841,36,Silt,185.93,23.24,225.97,9.72,8.59,4.25,51.62,353.06,Moderate
533,34.902005,-119.329955,15,Clay,134.32,146.13,78.67,4.7,7.37,14.98,50.71,26.52,Low
534,35.365293,-120.299156,23,Silt,144.46,192.05,133.75,7.81,7.8,19.19,96.85,105.82,Moderate
535,34.518262,-119.047789,26,Silt,76.81,181.63,206.83,8.83,5.76,8.07,27.92,177.85,Moderate
536,35.623959,-120.693997,42,Clay,176.15,114.35,21.33,4.99,1.1,9.81,16.91,302.24,Moderate
537,34.025017,-119.091694,49,Silt,163.61,155.34,172.57,5.84,0.43,0.96,48.43,260.23,Moderate
538,34.852991,-120.598044,13,Loamy,53.76,241.08,42.6,5.11,3.55,11.47,22.49,370.99,Moderate
539,35.786216,-119.029794,13,Clay,113.48,139.76,93.81,1.82,1.95,16.93,58.84,58.6,Low
540,34.059645,-120.693008,28,Silt,94.62,266.06,58.42,0.91,3.62,3.66,92.19,341.37,Moderate
541,35.131717,-119.221686,49,Loamy,60.4,263.54,57.7,8.65,3.14,0.15,29.73,331.55,Moderate
542,35.956131,-119.14392,22,Loamy,184.28,129.22,38.22,0.28,2.42,16.07,33.89,350.41,Moderate
543,35.4968,-119.542461,20,Loamy,18.9,99.83,85.46,5.44,2.46,3.91,53.45,303.33,Moderate
544,34.072917,-119.968697,44,Silt,107.25,248.3,229.67,4.66,5.76,2.87,58.04,333.49,Moderate
545,35.877269,-119.912553,22,Silt,99.73,96.75,148.12,9.25,1.77,3.46,53.03,362.99,Moderate
546,35.887648,-120.84156,20,Sandy,172.29,141.16,197.1,4.33,6.58,10.45,71.2,203.85,Moderate
547,34.061435,-119.408718,29,Silt,164.83,38.47,220.91,5.16,4.92,6.42,67.58,272.1,Moderate
548,35.294754,-120.225869,30,Silt,53.15,24.5,67.57,5.13,6.78,14.1,18.4,281.39,Low
549,34.375529,-120.137417,12,Loamy,185.1,118.82,140.38,1.35,1.77,0.43,41.84,167.15,Moderate
550,34.209845,-120.325453,26,Silt,173.65,60.3,39.86,9.59,1.56,1.55,6.73,360.73,Moderate
551,35.897257,-120.927527,13,Silt,130.23,75.57,148.96,1.15,6.71,13.55,39.51,98.16,Moderate
552,35.524269,-119.566709,19,Sandy,124.22,112.92,160.46,0.72,7.7,11.76,49.04,201.71,Moderate
553,35.220532,-120.298023,20,Sandy,121.74,210.99,74.65,4.29,1.87,1.25,72.23,204.18,Moderate
554,34.837888,-120.002003,12,Sandy,16.08,166.42,46.89,7.9,8.64,17.68,27.48,251.52,Moderate
555,34.254132,-120.529931,14,Sandy,124.02,43.36,82.72,6.42,6.11,8.43,30.67,323.67,Moderate
556,35.540219,-120.497393,22,Silt,128.17,47.55,153.42,7.87,1.7,14.61,37.3,101.72,Low
557,34.780175,-120.781777,43,Loamy,192.17,120.9,194.31,0.69,9.87,11.09,63.76,38.63,Moderate
558,35.515607,-119.312155,14,Loamy,137.28,235.2,222.8,1.7,8.16,2.06,6.33,88.07,Moderate
559,34.931073,-119.483689,31,Clay,159.49,296.14,43.11,7.07,1.43,17.52,28.88,377.62,Moderate
560,34.140296,-119.057648,21,Clay,54.75,33.35,42.41,0.56,1.31,6.03,73.06,200.86,Low
561,34.194437,-119.816326,44,Silt,165.86,77.55,100.62,7.74,0.74,13.51,92.28,332.82,Moderate
562,35.596938,-119.749854,16,Loamy,67.87,226.47,114.23,6.71,4.32,8.39,63.14,44.13,Moderate
563,34.146858,-120.212502,34,Clay,109.49,224.44,117.88,0.45,8.87,14.21,65.68,186.02,Moderate
564,35.401068,-120.792187,47,Silt,136.13,222.28,34.64,4.23,1.99,16.04,30.5,309.09,Moderate
565,34.474067,-119.589538,22,Loamy,91.21,56.77,125.01,7.54,5.44,4.58,97.54,112.75,Moderate
566,34.114327,-120.531822,31,Loamy,83.59,137.75,141.74,5.32,1.31,9.24,53.83,260.16,Moderate
567,35.1055,-120.207971,29,Loamy,48.92,27.64,216.13,6.91,9.31,14.56,12.75,29.86,Low
568,35.499955,-120.3689,49,Sandy,80.09,53.46,231.74,2.83,1.62,14.94,38.96,91.81,Moderate
569,34.916267,-120.719544,22,Sandy,44.12,188.6,153.39,0.57,0.44,10.24,53.85,72.27,Moderate
570,34.142336,-119.24266,42,Sandy,70.71,100.59,90.25,3.77,1.93,7.33,93.41,112.84,Low
571,35.348026,-119.035706,26,Clay,122.36,78.33,102.19,7.92,0.71,18.78,55.72,362.94,Moderate
572,35.591902,-120.374375,19,Sandy,92.9,159.23,53.33,0.58,1.57,2.78,10.86,126.0,Low
573,35.699635,-120.197413,25,Loamy,185.51,294.87,43.17,4.14,2.21,13.92,28.56,167.41,Moderate
574,35.427805,-119.389767,33,Sandy,27.0,172.77,247.81,3.59,6.72,16.33,88.81,192.08,Moderate
575,35.110082,-119.581272,12,Sandy,101.73,129.05,137.03,2.32,4.66,16.13,85.53,394.64,Moderate
576,34.76776,-120.517911,43,Clay,164.74,243.21,238.82,0.45,5.37,16.66,96.14,381.41,High
577,35.508382,-120.320199,19,Clay,44.52,234.9,128.56,6.12,6.4,15.8,8.59,237.02,Moderate
578,34.752888,-120.714616,25,Clay,173.22,235.01,55.36,9.91,2.14,4.9,57.36,83.83,Moderate
579,35.049281,-120.602656,20,Sandy,184.83,246.94,241.82,5.66,9.18,2.61,11.51,350.01,High
580,34.554758,-119.810839,40,Silt,58.26,68.91,188.76,8.19,3.62,15.06,91.13,353.32,Moderate
581,34.054547,-119.905465,22,Loamy,86.49,29.57,139.85,8.29,8.48,14.17,39.22,181.96,Moderate
582,35.032312,-120.451989,43,Sandy,30.69,182.92,172.71,5.6,7.68,4.16,28.35,305.04,Moderate
583,34.741183,-119.81641,26,Sandy,100.92,101.85,117.82,5.91,7.35,6.26,39.34,181.17,Moderate
584,34.074448,-120.704141,20,Sandy,106.97,140.01,173.57,3.34,3.61,0.45,61.87,329.47,Moderate
585,35.474262,-120.662543,45,Loamy,30.62,280.81,200.71,7.52,3.48,19.09,29.88,172.81,Moderate
586,34.250264,-120.679521,14,Sandy,159.23,167.54,91.5,9.32,3.5,17.74,86.82,21.22,Moderate
587,35.290593,-119.780582,29,Loamy,18.22,203.54,173.8,7.24,1.95,16.4,38.56,195.83,Moderate
588,34.461971,-119.162656,45,Loamy,190.74,45.58,85.21,3.81,4.92,10.83,89.75,212.52,Moderate
589,34.317079,-120.771052,45,Loamy,33.36,222.92,27.52,1.35,9.57,15.42,17.79,336.63,Moderate
590,35.624745,-119.175462,12,Silt,162.86,222.86,92.11,6.36,7.75,5.05,26.45,228.61,Moderate
591,34.676426,-119.785971,18,Clay,42.74,16.59,107.75,7.88,4.15,12.0,72.49,303.86,Moderate
592,35.765119,-120.658082,37,Silt,21.47,154.41,48.36,2.59,9.99,2.73,29.19,110.34,Low
593,35.045715,-120.251,49,Sandy,186.19,237.05,241.25,4.92,3.71,1.94,6.36,123.31,Moderate
594,35.204008,-120.898973,33,Loamy,89.72,86.25,208.08,6.43,1.29,5.32,61.3,338.3,Moderate
595,35.023315,-119.26288,32,Loamy,36.52,136.01,27.86,6.26,5.39,4.29,97.57,205.99,Moderate
596,35.771595,-119.371302,31,Loamy,153.49,152.7,229.37,1.05,6.92,16.49,97.05,46.84,Moderate
597,35.686958,-120.378901,21,Loamy,18.59,62.27,212.07,3.25,5.32,1.71,45.91,239.77,Moderate
598,35.458401,-120.027664,38,Silt,24.58,226.9,45.93,0.75,5.78,12.67,93.24,246.25,Moderate
599,35.86936,-120.531535,21,Sandy,54.09,135.83,246.5,1.55,4.24,3.56,7.97,246.37,Moderate
600,34.719141,-120.719778,17,Sandy,53.2,118.18,176.91,9.4,4.51,6.05,57.89,342.44,Moderate
601,34.80257,-120.728757,37,Clay,26.6,131.27,239.75,9.98,6.02,1.41,80.36,153.79,Moderate
602,34.364516,-120.318279,31,Silt,178.45,255.29,128.43,7.31,4.93,0.47,37.64,398.27,High
603,35.05779,-119.634707,40,Silt,138.76,96.45,44.64,9.71,5.39,7.02,60.86,351.66,Moderate
604,35.048514,-120.262865,22,Silt,134.67,147.85,216.92,1.37,2.56,16.22,23.62,34.76,Moderate
605,34.349879,-120.52415,16,Sandy,91.75,185.24,92.77,8.34,9.77,2.03,87.43,148.1,Moderate
606,35.103706,-120.369153,16,Clay,55.86,217.22,242.92,0.23,7.62,0.78,46.87,173.96,Moderate
607,35.41961,-119.418195,17,Clay,159.47,178.42,135.08,4.34,7.47,9.08,41.91,197.31,Moderate
608,35.44328,-119.09272,39,Sandy,147.6,94.17,23.65,2.16,3.96,10.32,20.64,99.6,Low
609,34.291129,-120.568068,49,Silt,85.88,97.15,129.77,6.69,8.41,5.51,14.02,333.58,Moderate
610,34.818811,-119.343344,43,Sandy,69.66,23.11,175.55,8.14,0.22,16.16,25.68,255.05,Moderate
611,34.654467,-119.385638,39,Silt,132.21,250.64,85.21,8.89,4.68,3.73,74.13,113.68,Moderate
612,34.426102,-119.933824,22,Clay,123.05,186.96,107.67,3.06,1.68,16.8,23.45,56.63,Moderate
613,35.930461,-119.109024,25,Clay,24.24,127.98,40.87,4.43,5.65,15.26,85.03,119.54,Low
614,34.048541,-119.797079,43,Sandy,167.73,140.45,92.6,9.18,5.61,2.38,21.87,370.73,Moderate
615,34.315822,-120.457482,12,Clay,77.87,37.04,248.88,9.19,3.61,2.09,68.3,396.43,Moderate
616,34.358852,-119.604435,13,Silt,62.64,241.38,29.44,9.44,7.53,19.19,35.59,302.35,Moderate
617,34.882937,-119.046126,21,Clay,199.55,184.42,28.78,8.9,3.19,16.64,49.36,381.19,Moderate
618,35.324675,-119.903831,16,Clay,178.1,96.01,244.42,1.2,1.28,1.94,48.77,383.07,Moderate
619,34.61138,-120.593278,30,Clay,105.31,49.59,105.68,0.98,3.64,15.53,63.85,234.71,Moderate
620,34.490381,-119.815639,20,Silt,74.09,174.77,178.57,7.2,3.11,7.19,19.08,53.44,Moderate
621,34.296009,-120.330757,37,Silt,168.4,102.63,87.32,1.22,9.59,19.0,86.56,396.41,Moderate
622,35.068289,-120.038028,26,Sandy,156.79,200.1,132.47,4.68,5.42,2.94,98.49,308.89,Moderate
623,34.275057,-120.265544,11,Clay,73.67,62.45,206.86,2.47,7.78,9.34,29.45,206.38,Moderate
624,35.697931,-120.001325,15,Silt,68.44,32.83,193.16,2.25,1.99,10.62,67.77,108.0,Low
625,35.602237,-119.947178,24,Sandy,173.48,274.85,211.56,7.72,2.62,9.23,36.36,399.77,High
626,34.714374,-120.201774,24,Loamy,88.9,162.84,229.88,5.76,9.21,11.76,80.73,213.7,Moderate
627,34.595371,-119.133811,29,Silt,32.19,100.45,186.97,0.22,8.8,6.28,7.81,185.64,Moderate
628,35.655319,-119.59527,15,Loamy,108.04,177.97,160.69,1.28,5.76,19.48,76.25,239.68,Moderate
629,34.536632,-119.839955,22,Silt,86.82,279.86,241.03,9.91,5.29,14.08,31.14,288.85,Moderate
630,34.917278,-120.325848,47,Loamy,76.74,19.76,215.74,8.83,1.84,4.21,6.72,99.98,Low
631,34.756716,-120.390187,22,Loamy,158.47,186.59,93.2,6.69,8.96,12.92,7.84,355.76,Moderate
632,34.656379,-119.691065,39,Clay,106.88,64.36,246.38,0.6,1.65,1.85,33.79,138.26,Moderate
633,34.816932,-120.878069,27,Sandy,62.45,255.44,67.7,9.22,5.46,13.99,66.37,202.79,Moderate
634,34.430808,-120.168841,20,Silt,78.02,148.73,220.69,0.53,7.61,7.87,8.43,324.04,Moderate
635,34.434998,-119.991257,38,Sandy,60.2,88.04,55.34,7.05,5.54,10.86,51.97,379.38,Moderate
636,34.867527,-119.387051,17,Clay,121.44,163.67,209.02,3.27,8.53,2.28,5.56,95.68,Moderate
637,35.448697,-119.447633,30,Clay,115.06,119.94,87.84,9.36,8.68,12.34,89.37,114.18,Moderate
638,35.69879,-120.327071,16,Clay,182.84,36.2,75.44,5.23,2.66,4.54,31.31,36.07,Low
639,35.054224,-120.11888,30,Clay,48.79,299.73,200.3,7.48,3.58,13.81,92.9,156.9,Moderate
640,34.64288,-119.441646,37,Sandy,110.39,197.88,166.34,0.7,5.92,16.84,91.24,277.04,Moderate
641,35.685191,-120.929145,49,Loamy,183.86,125.15,73.48,8.37,9.79,10.37,59.58,119.17,Moderate
642,34.021226,-120.61591,44,Sandy,152.55,55.98,73.77,8.58,5.54,6.91,16.97,180.04,Moderate
643,34.308155,-119.77175,12,Clay,58.06,210.31,25.96,6.95,7.61,16.76,34.77,23.55,Low
644,35.373519,-119.541347,25,Clay,85.1,30.65,58.63,5.55,1.03,12.86,66.28,173.25,Low
645,35.245389,-119.975039,39,Silt,23.3,100.06,193.17,7.92,8.09,17.51,34.8,274.13,Moderate
646,35.261689,-120.578945,34,Loamy,115.85,100.31,149.08,5.3,8.43,12.45,64.84,65.89,Moderate
647,35.618752,-119.642455,22,Silt,54.91,91.87,102.87,5.93,5.7,18.63,68.76,65.34,Low
648,35.620476,-119.861871,42,Loamy,58.53,116.26,32.89,7.41,3.95,14.81,9.33,194.05,Low
649,34.369743,-119.072808,47,Sandy,117.25,194.96,114.26,7.47,5.3,17.61,91.84,349.1,Moderate
650,35.032333,-119.304245,20,Sandy,150.6,84.59,224.84,6.38,8.13,1.12,53.71,158.44,Moderate
651,35.393789,-119.324319,40,Sandy,192.18,226.39,88.86,1.76,0.4,7.41,38.29,142.81,Moderate
652,35.168027,-119.262268,43,Silt,95.53,49.06,68.18,9.52,7.27,4.31,85.23,357.02,Moderate
653,35.556585,-119.398159,40,Loamy,65.27,27.75,28.28,8.46,8.54,18.4,66.15,78.75,Low
654,35.044134,-119.394453,22,Silt,53.28,38.8,76.13,4.65,2.26,9.39,16.14,28.27,Low
655,34.894212,-119.856159,26,Loamy,172.83,252.25,202.52,5.48,0.64,16.39,95.71,175.62,Moderate
656,35.765675,-119.917235,23,Clay,193.88,120.06,80.14,6.56,8.57,1.01,75.84,162.33,Moderate
657,34.330211,-120.976475,33,Silt,91.56,81.22,244.75,1.12,4.79,2.57,18.89,396.02,Moderate
658,35.65289,-120.344454,14,Sandy,165.26,242.26,159.55,9.42,2.84,2.2,6.7,143.62,Moderate
659,35.425807,-120.444657,42,Sandy,25.29,209.36,132.09,5.91,0.7,4.39,56.27,256.38,Moderate
660,34.197429,-120.19631,47,Sandy,105.57,24.96,107.04,0.25,2.29,15.57,29.0,195.87,Low
661,34.844526,-120.149581,16,Sandy,191.8,251.97,169.38,8.99,0.7,6.82,35.32,350.82,High
662,34.944095,-119.180508,17,Clay,183.98,136.14,184.38,7.64,9.89,17.54,65.17,148.04,Moderate
663,34.305978,-120.859586,48,Silt,192.09,206.25,147.37,1.08,6.79,0.7,22.93,149.36,Moderate
664,34.315042,-119.990467,14,Silt,78.66,171.63,90.68,8.79,0.9,10.24,89.73,93.36,Moderate
665,35.364845,-119.234987,14,Loamy,107.76,123.41,179.3,3.81,8.03,4.61,32.31,240.15,Moderate
666,35.235413,-120.195747,47,Loamy,16.19,232.11,201.38,9.66,7.11,13.04,95.82,53.69,Moderate
667,35.158115,-120.364153,15,Clay,152.6,287.43,215.18,1.51,5.4,14.68,90.34,365.73,High
668,34.655684,-120.091343,15,Clay,103.24,36.09,203.73,7.49,3.49,10.68,31.22,347.41,Moderate
669,34.153297,-119.111292,49,Silt,108.85,159.68,150.71,9.64,4.59,14.76,67.66,336.05,Moderate
670,35.667339,-119.305796,34,Clay,137.52,273.49,179.02,3.81,4.77,19.15,94.79,315.48,High
671,35.316889,-120.814209,10,Sandy,41.1,169.49,116.1,3.06,5.5,17.79,90.74,346.92,Moderate
672,34.800628,-120.653396,11,Silt,33.06,199.42,132.58,0.04,9.65,7.48,63.76,123.17,Moderate
673,34.260798,-120.425032,14,Silt,74.15,109.36,110.66,8.19,6.99,1.05,15.73,168.65,Low
674,34.380823,-119.613966,49,Sandy,55.75,28.6,124.03,0.33,9.79,11.04,15.99,229.58,Low
675,34.122004,-120.922139,23,Sandy,114.81,156.0,130.44,5.01,3.18,4.01,97.88,284.37,Moderate
676,35.098188,-120.888272,43,Sandy,47.44,216.83,71.55,6.89,8.78,6.84,21.81,178.12,Moderate
677,35.763658,-120.616835,44,Silt,14.16,296.34,33.72,3.11,0.27,14.86,91.32,374.31,Moderate
678,35.582147,-119.913693,28,Loamy,158.22,21.72,208.56,3.47,5.58,11.24,27.86,259.09,Moderate
679,35.224772,-120.72006,37,Loamy,102.79,118.75,134.32,9.36,7.27,18.55,5.21,315.46,Moderate
680,35.245849,-120.896801,47,Loamy,89.64,213.71,92.03,8.37,1.99,3.02,52.81,308.94,Moderate
681,34.906976,-119.854581,14,Silt,24.59,33.42,97.54,2.52,4.71,3.94,43.58,150.48,Low
682,35.938163,-119.446831,24,Sandy,12.44,18.31,126.42,9.63,9.84,4.74,62.86,211.0,Low
683,35.527594,-120.24711,11,Sandy,52.37,54.62,188.41,7.8,0.82,13.36,33.35,275.89,Moderate
684,35.550605,-119.151964,24,Sandy,160.24,39.65,243.23,6.59,3.48,9.21,62.39,109.41,Moderate
685,34.221675,-120.408408,38,Sandy,60.56,273.14,140.9,2.62,1.98,12.52,74.41,314.61,Moderate
686,35.6338,-119.396063,32,Clay,154.15,94.02,30.38,5.24,8.43,12.72,88.8,50.47,Low
687,35.505817,-120.381049,45,Clay,168.55,233.21,160.19,9.62,9.61,11.22,47.61,355.22,Moderate
688,34.5211,-120.450259,13,Loamy,27.06,96.95,179.94,5.41,9.57,6.4,30.79,257.49,Moderate
689,35.811929,-119.386015,36,Loamy,27.57,80.41,33.31,8.17,0.18,13.57,43.23,38.33,Low
690,35.066463,-120.659874,31,Clay,120.67,165.28,208.35,7.06,4.7,5.61,16.79,249.1,Moderate
691,34.149486,-120.618954,43,Sandy,164.35,186.73,49.36,4.88,4.62,7.36,8.22,23.38,Low
692,34.481785,-119.08316,47,Clay,53.16,175.97,68.97,0.06,9.6,4.84,29.04,310.82,Moderate
693,34.392714,-120.653698,41,Loamy,47.22,50.56,246.61,2.68,2.61,15.96,72.95,241.45,Moderate
694,34.756746,-119.250532,28,Sandy,188.27,125.38,113.7,6.65,6.66,3.72,90.47,360.78,Moderate
695,34.534866,-119.427842,23,Silt,140.76,85.91,178.63,7.05,9.23,0.92,81.37,94.2,Moderate
696,34.043606,-119.522523,28,Sandy,36.18,183.43,61.45,6.67,2.39,8.13,6.28,343.73,Moderate
697,35.336625,-120.811506,28,Sandy,161.05,147.59,116.97,7.4,1.61,17.93,11.12,135.3,Moderate
698,35.968196,-120.772575,14,Sandy,181.76,196.95,90.65,5.16,4.04,8.88,30.9,225.16,Moderate
699,35.138543,-119.15766,11,Silt,25.62,247.12,191.92,2.69,0.13,4.16,32.69,172.34,Moderate
700,35.222713,-119.187254,14,Sandy,61.53,241.76,190.73,7.55,6.12,8.37,70.87,168.94,Moderate
701,34.763906,-119.557218,33,Loamy,126.14,89.43,113.23,6.86,1.3,5.79,32.13,191.23,Moderate
702,34.698592,-120.253055,15,Silt,54.11,51.58,169.54,0.31,2.8,4.19,46.63,340.49,Moderate
703,34.450281,-119.219435,31,Loamy,169.12,158.4,120.83,2.57,3.88,19.62,69.21,299.84,Moderate
704,34.560502,-119.081335,32,Sandy,33.61,113.41,111.51,2.13,3.81,10.92,26.32,186.32,Low
705,34.500694,-120.381509,40,Loamy,111.61,115.66,27.66,7.35,7.23,19.12,92.41,243.84,Moderate
706,35.590142,-120.012017,17,Silt,72.51,218.52,157.73,4.07,7.61,13.34,24.73,57.4,Moderate
707,34.331159,-120.026608,20,Sandy,126.09,82.02,36.6,7.82,5.53,11.74,90.61,239.78,Moderate
708,34.422159,-120.223697,36,Loamy,98.02,263.28,165.92,2.79,6.02,6.06,77.1,99.81,Moderate
709,35.859871,-120.15406,31,Silt,155.49,212.72,214.25,8.71,5.42,10.23,31.58,182.21,Moderate
710,34.00161,-120.102737,47,Clay,91.64,49.92,33.99,7.23,4.28,1.34,38.7,305.85,Moderate
711,35.411787,-120.319022,21,Silt,174.97,128.91,29.25,0.65,8.87,6.49,6.95,20.54,Low
712,34.286147,-120.317694,34,Silt,99.21,221.6,166.22,7.46,9.79,16.67,53.22,156.06,Moderate
713,34.826124,-119.290764,37,Silt,197.53,154.53,198.47,4.0,2.09,2.75,94.66,20.83,Moderate
714,34.420336,-120.843225,49,Sandy,192.06,158.25,220.15,6.99,6.5,3.04,13.14,378.21,Moderate
715,34.69982,-119.589512,44,Silt,40.14,199.42,102.64,4.05,1.44,17.34,63.01,219.95,Moderate
716,34.377858,-119.019138,10,Clay,143.82,118.43,167.42,5.15,8.92,3.92,68.19,295.86,Moderate
717,35.829172,-120.021088,17,Loamy,133.24,222.22,171.37,9.51,7.36,3.51,77.55,330.28,Moderate
718,35.346775,-119.857399,10,Clay,88.01,213.02,128.02,4.65,5.85,6.91,95.61,27.35,Moderate
719,35.319992,-120.032258,41,Sandy,126.53,44.68,119.92,9.27,5.6,8.24,38.89,141.81,Low
720,35.13878,-120.521147,44,Silt,198.52,259.87,70.96,3.32,8.58,5.98,78.98,63.85,Moderate
721,35.988746,-120.800668,29,Silt,77.11,140.33,21.61,9.2,0.93,12.36,29.13,47.03,Low
722,35.261387,-120.010907,15,Loamy,124.14,123.09,86.0,0.96,5.56,8.05,46.83,251.67,Moderate
723,34.070154,-120.237608,31,Silt,21.84,215.14,125.6,1.92,6.47,12.53,34.64,336.73,Moderate
724,35.66681,-119.264644,34,Silt,128.34,87.8,61.6,1.23,5.54,19.24,74.4,143.63,Moderate
725,35.947506,-120.509393,32,Sandy,16.63,268.98,246.8,7.0,7.16,4.24,64.0,53.39,Moderate
726,34.737059,-119.536749,28,Silt,187.81,131.07,152.39,8.4,2.05,15.72,41.52,260.42,Moderate
727,35.596993,-119.263059,17,Silt,91.61,231.17,107.88,7.19,4.94,15.23,85.87,399.68,Moderate
728,35.749369,-120.307648,13,Sandy,185.98,61.5,65.2,4.52,4.02,16.52,76.05,114.67,Moderate
729,34.883452,-119.045961,34,Sandy,121.99,268.1,73.35,3.77,3.11,4.2,15.86,112.42,Moderate
730,34.606628,-120.662885,13,Sandy,64.15,203.72,20.5,2.1,5.5,1.06,12.09,282.79,Moderate
731,34.841506,-120.558204,40,Silt,36.99,67.5,112.32,4.03,2.29,3.29,88.29,345.64,Moderate
732,35.204286,-120.300927,31,Clay,176.73,247.61,91.81,8.29,6.29,10.01,12.27,158.45,Moderate
733,34.077605,-119.186486,24,Sandy,190.92,288.52,105.18,1.57,3.55,11.44,10.87,328.18,Moderate
734,34.337716,-120.271921,33,Clay,129.2,262.71,174.26,1.75,5.72,14.04,65.88,365.49,High
735,35.774455,-119.981354,39,Loamy,71.23,125.38,230.09,0.77,2.12,5.61,8.44,282.13,Moderate
736,35.041355,-119.769948,28,Sandy,11.84,231.9,47.67,2.18,0.44,10.03,13.88,372.67,Moderate
737,34.027278,-119.321246,29,Silt,178.1,63.52,208.16,9.45,0.24,1.93,36.25,66.72,Moderate
738,35.548445,-120.363998,23,Sandy,21.43,193.38,36.85,5.62,6.35,1.11,63.12,195.93,Moderate
739,35.500378,-119.393759,29,Loamy,46.52,159.64,70.54,7.59,2.54,15.44,61.01,346.81,Moderate
740,35.166344,-120.366192,37,Clay,42.37,90.83,231.37,2.05,1.24,4.72,87.11,274.38,Moderate
741,35.492098,-119.326887,33,Silt,166.23,253.75,68.82,0.08,3.68,16.61,53.62,337.79,Moderate
742,35.75851,-119.220883,31,Loamy,111.7,151.37,147.04,2.61,9.14,12.53,86.83,310.95,Moderate
743,34.007094,-120.906594,44,Silt,96.96,257.57,126.64,9.17,0.97,6.98,22.51,369.71,Moderate
744,35.254221,-120.604342,40,Loamy,155.31,30.88,226.0,2.03,2.96,18.6,22.41,293.45,Moderate
745,34.126437,-119.025282,26,Loamy,185.49,149.91,184.61,7.01,9.77,5.86,28.72,114.43,Moderate
746,35.665658,-119.536287,43,Clay,168.34,222.81,143.82,2.29,4.95,15.12,53.26,277.99,Moderate
747,34.269193,-120.275228,26,Loamy,38.24,131.21,199.13,1.3,1.91,17.43,22.04,125.47,Moderate
748,35.070734,-119.2173,19,Clay,75.7,172.69,75.31,5.98,6.94,11.07,70.96,301.73,Moderate
749,35.947656,-120.714175,15,Loamy,165.42,153.65,101.97,6.49,4.96,15.93,24.78,155.77,Moderate
750,35.489436,-120.917705,27,Silt,137.78,169.12,241.25,1.09,8.05,11.19,29.94,48.55,Moderate
751,34.757034,-120.369101,28,Loamy,14.44,184.62,222.4,5.16,3.29,12.44,48.61,276.71,Moderate
752,35.64996,-119.282572,38,Loamy,121.4,114.74,25.98,9.34,9.61,18.29,10.82,288.8,Moderate
753,34.080574,-120.945745,23,Silt,45.54,67.31,159.67,6.51,9.07,10.99,91.8,205.32,Moderate
754,35.795573,-120.010825,24,Silt,110.46,92.23,27.18,1.27,9.45,5.38,68.46,368.88,Moderate
755,34.377014,-119.948192,35,Clay,173.82,27.12,124.34,5.3,5.71,12.82,47.61,294.4,Moderate
756,35.864579,-120.20857,47,Silt,67.11,141.37,241.61,2.55,7.01,6.63,90.1,357.06,Moderate
757,34.444876,-120.339668,48,Loamy,68.69,274.59,174.67,7.25,0.54,10.85,20.46,376.14,Moderate
758,34.852576,-120.155877,26,Sandy,75.39,113.09,51.83,9.15,2.85,9.03,89.97,268.19,Moderate
759,35.295182,-120.44852,49,Loamy,27.45,260.16,80.3,2.47,7.92,0.98,48.78,240.06,Moderate
760,34.315908,-119.434736,28,Sandy,154.52,232.63,120.02,8.37,2.12,11.08,82.29,169.81,Moderate
761,34.917636,-120.785111,18,Loamy,93.15,244.24,78.26,2.62,6.79,10.08,38.86,104.69,Moderate
762,35.510835,-119.251018,33,Clay,197.93,156.47,20.0,4.71,6.78,2.45,83.23,123.83,Moderate
763,35.823964,-119.735704,38,Loamy,75.73,100.91,217.06,6.81,3.9,1.74,5.22,271.69,Moderate
764,34.672773,-120.155309,35,Silt,17.52,114.1,50.15,8.74,5.98,5.59,44.43,314.28,Moderate
765,35.493473,-120.451714,21,Silt,14.56,84.65,211.32,8.66,8.6,8.15,12.69,124.53,Low
766,34.524275,-119.609589,17,Clay,60.61,59.81,149.38,0.25,7.46,5.29,71.23,162.27,Moderate
767,35.924342,-120.919587,30,Sandy,99.7,170.28,187.3,1.67,5.19,12.93,6.44,89.97,Moderate
768,34.894909,-119.917772,40,Sandy,191.33,74.6,60.58,5.68,4.15,16.09,19.08,148.84,Moderate
769,34.191831,-119.333438,27,Clay,174.18,24.77,144.29,2.7,2.44,7.41,35.72,44.74,Low
770,35.553608,-120.56211,22,Silt,50.9,273.04,131.56,4.88,5.87,0.63,7.32,311.67,Moderate
771,35.529469,-120.662419,35,Sandy,162.53,194.23,221.24,8.6,3.01,19.24,29.87,255.37,Moderate
772,35.594628,-119.224071,21,Clay,104.35,161.5,198.02,7.68,5.15,14.81,40.59,219.81,Moderate
773,35.30241,-119.925299,45,Clay,160.33,211.93,237.39,0.59,7.32,12.6,90.39,90.57,Moderate
774,35.107127,-120.637964,14,Silt,128.16,162.58,178.76,1.05,3.56,8.73,93.9,268.17,Moderate
775,35.505786,-119.451919,15,Sandy,182.96,30.61,45.12,5.92,3.01,1.89,98.36,198.5,Moderate
776,34.988602,-119.813023,18,Sandy,189.28,74.79,185.34,1.22,3.75,17.19,83.0,310.12,Moderate
777,34.41852,-119.640216,15,Loamy,99.81,107.07,120.32,4.71,7.75,17.08,91.32,282.07,Moderate
778,35.264898,-120.515438,26,Clay,156.86,190.84,98.66,7.0,8.5,19.63,6.89,200.71,Moderate
779,35.436207,-119.405578,44,Sandy,34.13,92.6,146.71,5.02,6.18,19.82,43.68,248.57,Moderate
780,34.0988,-120.872726,45,Clay,49.62,269.49,63.63,3.23,2.83,9.41,48.29,260.24,Moderate
781,34.337408,-119.278853,42,Sandy,57.72,55.18,224.89,9.71,7.42,4.6,40.08,307.71,Moderate
782,35.260529,-120.600975,44,Loamy,113.86,281.89,172.39,3.14,5.68,14.25,74.73,36.64,Moderate
783,34.383993,-119.019299,42,Silt,65.26,92.18,206.94,2.55,1.84,13.49,39.84,372.24,Moderate
784,34.842558,-119.893156,45,Silt,104.93,129.55,97.17,3.52,9.72,19.85,81.63,237.38,Moderate
785,35.602056,-120.01659,46,Sandy,99.14,262.84,247.19,8.44,2.26,3.57,44.26,72.45,Moderate
786,34.87367,-119.77387,24,Clay,172.81,99.18,125.13,1.25,0.74,18.5,91.1,224.6,Moderate
787,34.964438,-119.612686,23,Silt,118.09,256.23,124.62,7.39,6.58,9.33,36.2,267.05,Moderate
788,34.259177,-119.591163,40,Loamy,88.91,40.05,23.53,3.97,6.59,16.3,23.33,328.74,Moderate
789,35.717815,-119.803607,37,Clay,27.53,280.65,176.2,4.27,9.24,1.42,35.4,322.35,Moderate
790,34.763148,-120.48113,21,Loamy,124.65,170.74,120.98,3.86,4.64,9.2,48.86,119.08,Moderate
791,34.686681,-119.67132,22,Clay,20.36,170.04,246.19,9.89,4.55,2.89,64.5,60.35,Moderate
792,35.616102,-120.571898,41,Loamy,183.12,43.47,124.55,6.16,4.5,2.42,92.52,176.99,Moderate
793,34.07157,-120.219305,14,Silt,165.19,259.69,123.97,6.86,3.59,5.36,84.9,323.85,Moderate
794,34.201837,-119.961198,12,Clay,132.46,112.01,91.03,8.1,2.33,4.69,96.65,283.35,Moderate
795,35.829277,-119.227824,40,Clay,195.74,144.81,29.13,8.32,7.69,19.06,91.25,319.55,Moderate
796,35.400078,-120.504308,36,Loamy,192.5,178.87,219.54,6.06,1.47,3.02,27.4,273.47,Moderate
797,34.055847,-119.972795,19,Clay,135.56,70.53,137.85,0.64,8.17,15.52,74.2,121.63,Moderate
798,34.390177,-120.821749,24,Clay,169.06,17.46,147.55,8.85,0.54,15.62,14.85,92.57,Low
799,35.28429,-120.355037,48,Silt,159.07,299.0,229.7,1.38,1.03,15.07,69.8,174.79,Moderate
800,35.061969,-119.272987,25,Sandy,61.03,20.86,115.71,1.44,3.65,6.32,97.63,26.08,Low
801,35.272738,-119.842609,22,Sandy,109.69,295.65,83.93,4.63,1.36,7.15,55.62,99.48,Moderate
802,34.227012,-119.468196,41,Silt,74.64,274.96,239.23,4.16,8.28,2.31,92.73,183.32,Moderate
803,35.102109,-120.430795,23,Loamy,60.39,138.84,120.74,1.02,7.81,3.45,57.44,358.26,Moderate
804,35.876765,-120.456282,32,Loamy,177.75,200.96,44.11,9.54,3.76,16.75,60.78,251.66,Moderate
805,35.179096,-119.408774,24,Sandy,157.94,141.03,25.79,4.89,7.97,15.2,42.92,321.29,Moderate
806,34.049443,-120.47931,20,Loamy,100.26,112.08,142.68,5.23,0.72,0.49,26.54,234.58,Moderate
807,35.485706,-120.041895,43,Loamy,117.95,195.59,57.04,1.92,2.54,8.41,5.32,215.76,Moderate
808,34.912352,-120.103276,21,Clay,194.87,285.42,233.77,8.61,5.6,14.7,85.81,305.92,High
809,34.994956,-120.616415,44,Sandy,115.22,38.73,211.31,5.53,9.94,13.05,15.08,252.72,Moderate
810,34.438956,-119.148379,49,Silt,17.83,179.88,28.76,8.36,0.15,19.63,10.58,24.9,Low
811,35.826159,-120.588106,24,Sandy,50.59,58.76,101.09,8.65,2.71,8.33,25.46,95.49,Low
812,34.363899,-120.62577,40,Loamy,199.35,149.84,132.56,9.34,3.99,3.88,91.98,115.92,Moderate
813,35.462299,-119.198981,25,Clay,96.17,32.08,44.12,2.7,8.56,6.72,84.67,239.8,Moderate
814,34.116029,-119.736672,19,Sandy,91.11,286.96,99.69,9.38,7.71,12.4,63.57,168.49,Moderate
815,34.375269,-120.215575,29,Loamy,73.02,155.82,144.05,2.8,8.24,1.3,11.71,299.87,Moderate
816,35.274025,-120.387572,12,Clay,130.66,18.58,130.59,4.53,7.77,9.43,23.6,325.96,Moderate
817,35.977415,-120.891526,24,Loamy,175.42,82.62,234.33,9.12,2.13,18.84,38.36,98.69,Moderate
818,34.930036,-120.627314,31,Clay,85.42,107.59,209.0,4.41,5.2,18.92,39.72,395.64,Moderate
819,35.219422,-119.537208,17,Clay,102.93,240.27,238.29,8.52,1.81,4.11,61.46,339.17,Moderate
820,35.345907,-120.005626,49,Loamy,25.68,109.53,178.54,2.56,9.85,12.85,24.68,158.77,Moderate
821,35.78872,-120.112281,20,Loamy,108.81,260.49,175.09,7.68,1.94,10.57,95.8,59.63,Moderate
822,35.694302,-119.90215,43,Loamy,142.82,249.48,135.84,2.85,0.63,0.18,84.19,300.22,Moderate
823,34.838672,-119.070861,14,Clay,95.51,200.87,68.06,5.51,8.93,2.51,95.1,304.46,Moderate
824,35.266645,-120.645122,22,Loamy,166.13,262.04,103.07,6.19,0.85,3.08,54.0,359.89,Moderate
825,34.648551,-119.965295,41,Clay,75.4,151.76,138.65,9.9,0.91,8.62,77.13,104.68,Moderate
826,34.184347,-120.514168,35,Sandy,140.21,127.22,208.96,6.37,0.91,0.31,17.03,291.74,Moderate
827,34.400419,-120.347539,35,Silt,34.79,186.12,235.28,8.02,0.12,5.44,98.71,278.8,Moderate
828,34.144712,-119.7099,42,Silt,171.96,165.22,212.34,1.58,2.36,5.59,25.15,112.14,Moderate
829,35.848634,-119.873233,45,Loamy,193.59,25.84,51.61,0.75,7.77,8.62,93.84,242.08,Moderate
830,34.751027,-120.333563,27,Loamy,163.99,182.79,210.07,9.16,6.4,9.75,26.93,355.73,Moderate
831,34.590426,-120.128007,17,Sandy,147.82,40.15,29.14,6.98,8.3,2.71,81.06,58.04,Low
832,35.049803,-119.762517,36,Loamy,74.17,75.66,89.61,4.6,4.36,7.87,55.13,32.96,Low
833,34.654526,-120.39637,40,Loamy,190.88,65.81,144.14,9.04,4.3,5.71,28.11,37.93,Low
834,35.506138,-120.416486,13,Loamy,192.69,233.18,149.15,6.56,0.37,14.67,79.26,306.72,Moderate
835,35.605422,-119.073833,41,Silt,161.87,167.43,199.8,2.34,7.06,19.89,43.13,194.45,Moderate
836,35.18983,-119.505005,45,Clay,72.06,75.72,147.52,3.38,4.91,9.34,83.1,227.42,Moderate
837,35.092532,-120.514701,27,Sandy,127.54,286.83,39.58,0.86,4.46,13.04,93.49,391.15,Moderate
838,34.814611,-119.044464,31,Loamy,126.05,79.73,158.64,6.92,7.89,15.91,21.54,388.8,Moderate
839,34.093719,-120.20554,16,Loamy,105.59,170.91,117.87,8.4,5.74,12.75,92.46,203.71,Moderate
840,35.98829,-119.736621,37,Loamy,13.24,60.95,106.06,5.64,3.18,8.84,9.43,221.08,Low
841,34.0562,-119.021325,26,Clay,140.18,164.9,108.22,1.43,7.02,12.18,61.88,381.24,Moderate
842,34.817855,-119.539638,22,Clay,52.96,288.55,207.01,7.23,7.79,0.59,49.04,56.61,Moderate
843,34.05304,-119.692263,35,Silt,115.79,138.57,134.35,1.22,8.83,2.06,28.25,382.93,Moderate
844,34.275167,-120.929745,33,Silt,16.69,127.04,243.93,2.0,7.7,13.09,74.21,162.85,Moderate
845,34.79029,-119.171341,11,Sandy,188.41,80.48,62.35,6.65,1.84,4.24,14.85,306.13,Moderate
846,35.779137,-120.908369,17,Silt,53.69,85.6,195.47,7.33,7.45,11.98,70.02,119.59,Moderate
847,34.265898,-119.785757,12,Sandy,113.11,191.12,140.04,7.18,0.3,12.97,59.15,365.38,Moderate
848,34.13704,-120.007862,12,Silt,146.06,182.11,38.51,3.52,2.92,9.28,69.74,171.2,Moderate
849,35.991221,-120.937536,13,Loamy,179.44,53.77,65.61,8.19,5.78,9.89,24.95,330.23,Moderate
850,34.063991,-120.965189,28,Silt,178.55,121.89,20.44,4.55,7.51,11.91,21.83,159.23,Moderate
851,34.597126,-119.98764,34,Clay,97.16,51.61,171.51,0.37,4.23,11.05,98.2,58.44,Low
852,35.437152,-120.62598,31,Sandy,42.02,204.42,39.36,4.93,5.84,2.57,87.09,351.59,Moderate
853,35.207259,-120.08792,38,Clay,70.72,16.92,47.38,6.84,4.0,10.43,9.95,57.52,Low
854,34.976709,-119.490763,33,Sandy,60.2,201.85,128.0,4.09,1.75,13.61,50.84,289.13,Moderate
855,35.251913,-120.614357,45,Loamy,185.53,97.99,98.69,7.34,9.07,14.02,70.28,246.66,Moderate
856,35.255468,-120.91711,23,Clay,65.06,136.91,99.28,4.98,7.78,19.97,20.07,308.39,Moderate
857,35.759872,-119.743188,26,Loamy,130.14,251.3,108.93,6.4,4.43,5.36,36.19,258.49,Moderate
858,35.354631,-120.836023,34,Sandy,158.56,248.79,205.02,4.86,7.31,14.92,45.81,237.68,Moderate
859,35.90387,-120.993783,47,Sandy,158.7,221.15,80.35,2.41,1.61,0.85,47.94,125.1,Moderate
860,34.931718,-120.037001,28,Silt,150.79,50.96,117.09,4.01,3.7,16.48,23.97,136.36,Moderate
861,35.67178,-120.833274,25,Sandy,100.01,101.07,240.07,7.74,2.94,9.6,16.9,42.96,Moderate
862,35.595,-120.460677,33,Silt,118.88,251.39,88.37,2.89,1.99,12.52,88.29,129.04,Moderate
863,35.764414,-119.193475,11,Loamy,22.52,93.38,65.11,7.23,5.3,3.32,91.17,104.24,Low
864,35.816159,-120.024501,21,Clay,39.95,188.52,56.9,4.7,2.4,0.45,72.64,28.15,Low
865,35.934886,-119.234061,17,Sandy,40.5,287.18,177.59,2.82,8.69,10.05,83.13,170.02,Moderate
866,35.49674,-120.519243,48,Sandy,20.29,99.75,223.24,4.88,0.37,0.43,98.23,33.12,Low
867,35.156751,-120.855997,18,Loamy,157.08,132.84,242.69,6.23,7.87,6.24,41.61,65.45,Moderate
868,35.064935,-120.24138,15,Loamy,105.56,160.41,30.87,9.28,9.12,11.52,8.62,244.73,Moderate
869,35.384772,-119.773714,22,Clay,189.01,177.93,125.52,8.32,6.37,15.63,13.43,264.17,Moderate
870,35.563668,-119.969568,13,Clay,153.94,192.12,106.92,6.89,2.06,2.52,28.53,302.99,Moderate
871,35.182163,-120.754899,46,Loamy,179.33,100.2,50.52,0.63,0.91,7.35,42.5,101.94,Low
872,34.437437,-119.011543,12,Silt,102.0,258.4,137.59,8.18,0.78,17.61,17.04,184.45,Moderate
873,35.628682,-119.045428,14,Loamy,86.44,282.56,245.67,0.52,3.96,4.37,55.44,372.65,High
874,34.626824,-119.511508,41,Clay,76.82,77.23,246.03,9.89,2.85,5.74,52.41,126.34,Moderate
875,35.734882,-119.917474,19,Sandy,54.13,275.32,64.62,7.01,8.84,19.51,23.32,100.58,Moderate
876,34.924882,-120.56347,18,Loamy,154.21,221.76,135.73,0.77,4.19,11.64,56.53,340.9,Moderate
877,35.992106,-120.104459,48,Clay,151.7,283.22,248.42,9.56,8.53,6.72,85.01,355.05,High
878,34.921257,-119.839585,27,Sandy,91.72,175.19,165.79,8.87,2.95,2.46,60.9,242.63,Moderate
879,34.529806,-120.742971,26,Loamy,131.95,83.39,151.3,5.06,7.2,15.33,32.98,84.27,Moderate
880,35.976147,-120.871805,48,Sandy,181.48,90.23,224.42,9.59,6.4,12.39,75.47,116.37,Moderate
881,35.865361,-120.18079,15,Sandy,60.7,76.79,166.58,7.58,6.06,8.72,34.87,63.16,Low
882,34.928522,-119.322112,45,Sandy,38.98,240.99,152.26,4.62,4.59,11.25,35.52,399.47,Moderate
883,34.111538,-120.951221,17,Loamy,158.99,117.26,64.38,6.71,2.58,8.85,52.49,191.13,Moderate
884,34.682517,-119.002755,41,Clay,171.5,91.04,177.08,9.65,3.18,0.54,82.19,260.63,Moderate
885,35.68177,-120.612261,46,Clay,127.72,116.02,24.65,8.36,6.07,13.06,13.38,191.11,Moderate
886,35.918037,-119.861721,23,Sandy,197.23,87.37,119.62,7.0,1.55,7.47,22.84,399.89,Moderate
887,35.716707,-120.538303,19,Sandy,156.62,20.31,202.01,6.44,6.06,19.39,77.91,142.22,Moderate
888,34.848806,-119.164359,25,Silt,190.6,258.26,85.48,9.8,3.49,5.29,97.55,88.44,Moderate
889,35.491772,-120.810423,45,Clay,46.24,249.99,42.62,9.7,8.21,14.53,97.14,315.49,Moderate
890,35.988549,-120.379696,38,Silt,84.23,144.02,174.02,1.68,2.5,16.26,16.58,27.15,Low
891,34.364394,-120.839281,29,Silt,132.68,278.88,207.47,3.06,9.35,10.74,53.49,65.53,Moderate
892,35.491022,-119.451772,19,Silt,175.27,29.06,213.83,4.78,1.15,2.77,78.4,162.26,Moderate
893,35.92898,-119.72039,37,Silt,85.6,259.7,224.66,2.8,1.47,2.71,29.19,136.25,Moderate
894,34.881553,-119.026003,25,Silt,107.53,79.64,191.95,8.83,1.01,16.29,41.56,381.18,Moderate
895,34.906694,-120.052832,10,Clay,105.27,182.85,155.54,5.7,2.39,14.93,33.11,306.61,Moderate
896,34.012703,-119.437319,28,Silt,14.48,80.77,61.61,6.17,4.44,11.95,52.79,34.91,Low
897,34.665717,-120.033509,46,Silt,31.54,202.48,237.14,4.06,1.73,1.22,26.56,34.71,Moderate
898,35.855886,-119.685021,21,Silt,75.74,115.5,42.86,2.32,8.02,7.97,32.07,192.33,Low
899,35.675944,-119.968872,31,Sandy,153.98,155.24,235.62,8.54,3.76,2.08,42.14,65.54,Moderate
900,35.821147,-120.818414,18,Clay,92.59,166.15,133.15,3.69,7.24,18.86,74.7,340.33,Moderate
901,35.775369,-119.982701,34,Clay,185.95,271.9,139.67,0.97,6.24,11.94,32.26,271.53,Moderate
902,35.222302,-120.495215,19,Sandy,109.48,21.6,119.03,3.76,4.52,3.12,22.96,240.05,Moderate
903,35.501404,-119.828721,12,Loamy,99.03,264.66,135.07,4.32,5.56,5.12,77.57,207.55,Moderate
904,35.299493,-120.580174,44,Clay,107.86,44.98,211.89,4.45,2.7,11.07,64.98,209.76,Moderate
905,34.135274,-120.238467,12,Loamy,82.01,139.29,27.41,2.27,0.78,16.39,5.57,113.04,Low
906,34.06783,-119.893785,20,Silt,103.07,292.67,212.31,8.46,3.36,4.72,59.27,391.56,High
907,34.66886,-120.78604,36,Loamy,195.64,208.82,184.09,9.85,1.41,17.99,84.42,274.62,Moderate
908,35.945703,-120.096968,44,Sandy,173.93,101.89,60.28,4.23,1.13,5.47,97.05,28.09,Low
909,34.479185,-120.237054,19,Loamy,26.32,262.3,198.75,6.55,5.55,17.77,29.0,261.72,Moderate
910,34.392293,-120.225346,14,Clay,134.88,284.61,105.9,7.26,5.37,16.36,54.45,81.52,Moderate
911,34.261675,-120.479445,19,Sandy,187.19,132.26,195.62,6.79,4.65,16.56,9.15,303.11,Moderate
912,34.841343,-119.724657,12,Loamy,69.7,148.0,124.61,0.39,9.92,9.06,84.08,177.26,Moderate
913,34.426913,-120.347533,18,Loamy,141.59,105.43,34.87,5.15,8.26,3.58,40.72,110.2,Low
914,34.177738,-119.606514,26,Silt,61.47,130.05,93.63,5.92,9.62,11.62,90.85,146.77,Moderate
915,35.209619,-119.067859,30,Loamy,189.6,281.1,160.77,6.71,0.54,17.7,95.8,303.9,High
916,35.593158,-120.250581,22,Loamy,153.49,50.48,21.32,4.59,9.35,13.94,39.35,202.21,Low
917,34.083812,-119.167883,21,Sandy,59.76,112.62,238.5,0.71,0.21,4.15,69.18,271.66,Moderate
918,34.985738,-119.346118,43,Clay,64.84,90.87,218.66,6.07,4.77,6.28,57.21,282.21,Moderate
919,35.958862,-120.332069,42,Silt,143.2,138.76,48.01,6.77,9.25,18.52,96.98,147.01,Moderate
920,34.782741,-120.687881,14,Loamy,198.27,246.66,142.28,7.49,3.7,10.44,42.44,131.38,Moderate
921,35.626196,-120.571435,29,Loamy,19.64,146.61,141.2,8.01,3.94,16.33,36.09,328.5,Moderate
922,34.656534,-120.815951,31,Loamy,22.73,49.36,77.26,4.95,9.93,18.1,12.52,130.85,Low
923,34.07844,-120.397626,43,Clay,26.67,98.84,22.92,1.3,8.23,8.79,40.51,318.3,Moderate
924,35.65286,-120.873258,35,Sandy,74.78,233.81,34.56,5.17,8.02,9.55,89.75,235.42,Moderate
925,34.554973,-120.106372,38,Silt,85.31,264.21,128.0,8.83,0.57,8.0,14.56,397.04,Moderate
926,35.791609,-120.781066,46,Clay,82.44,281.27,195.84,4.8,0.94,19.13,23.0,211.33,Moderate
927,34.078798,-120.987943,29,Sandy,57.86,130.78,102.84,0.15,4.81,10.39,78.62,88.49,Low
928,35.511082,-120.539141,35,Loamy,149.8,92.8,27.63,8.26,3.39,18.84,14.96,217.61,Moderate
929,35.074274,-120.805936,20,Clay,151.21,212.74,126.47,6.3,5.96,16.61,56.11,180.16,Moderate
930,35.155601,-119.375426,32,Silt,27.71,231.82,190.1,7.46,5.07,10.64,39.51,297.74,Moderate
931,34.418465,-120.146014,26,Silt,131.64,246.3,226.23,7.53,9.7,12.6,76.36,24.67,Moderate
932,35.552771,-120.110488,14,Silt,187.97,39.17,44.39,0.25,4.36,19.97,68.99,347.75,Moderate
933,35.881526,-120.702691,38,Loamy,136.54,75.5,216.82,1.18,5.26,11.0,21.23,330.04,Moderate
934,34.750312,-119.239658,23,Sandy,179.46,238.56,82.53,8.5,8.28,1.57,34.59,37.25,Moderate
935,35.153535,-119.656659,19,Sandy,168.17,171.08,93.29,4.68,7.65,4.22,17.24,82.51,Moderate
936,35.357338,-120.034504,10,Clay,29.24,59.53,154.75,7.37,6.64,18.44,76.99,307.54,Moderate
937,35.156347,-119.440909,34,Silt,142.24,259.92,200.33,3.56,4.17,12.95,94.16,154.6,Moderate
938,35.195757,-119.336364,12,Clay,130.43,15.92,185.6,4.11,9.57,10.73,28.06,246.75,Moderate
939,35.530863,-119.90335,24,Loamy,58.19,110.61,85.31,4.54,8.67,6.49,20.95,391.44,Moderate
940,34.456047,-120.383071,45,Loamy,87.22,37.48,55.89,0.09,1.32,3.91,48.48,112.74,Low
941,34.102994,-120.659864,37,Sandy,21.9,269.39,198.63,5.59,9.4,2.26,16.93,36.18,Moderate
942,34.316431,-119.937175,38,Sandy,105.61,128.03,70.07,1.75,9.53,11.75,21.93,69.65,Low
943,35.633892,-120.769231,45,Clay,10.06,299.89,66.93,1.98,7.71,4.08,68.17,184.13,Moderate
944,35.648158,-120.373832,49,Silt,155.5,57.17,138.66,3.45,3.2,19.5,15.88,396.47,Moderate
945,34.521599,-119.628071,15,Silt,48.18,268.76,144.21,3.05,9.54,9.8,32.6,25.58,Moderate
946,35.885859,-119.972728,30,Silt,164.94,128.16,117.25,3.04,6.76,11.47,48.53,209.26,Moderate
947,35.398657,-120.632693,35,Sandy,73.4,26.65,220.76,3.84,3.31,14.59,81.68,284.14,Moderate
948,35.273779,-119.189729,46,Clay,93.48,126.04,91.31,3.35,9.06,2.55,36.93,239.15,Moderate
949,34.192177,-119.310312,25,Clay,24.53,16.27,213.31,3.82,5.93,1.55,24.02,188.78,Low
950,34.769989,-120.449611,17,Sandy,93.31,202.66,24.46,5.49,9.59,14.92,75.62,195.15,Moderate
951,34.278392,-119.752358,17,Loamy,193.07,279.22,65.16,4.38,6.35,3.78,8.08,192.57,Moderate
952,34.260082,-119.577363,44,Silt,172.3,66.2,186.0,9.17,1.8,8.7,75.7,117.47,Moderate
953,35.71846,-120.696838,31,Silt,129.74,125.77,211.81,2.37,3.56,11.34,23.42,238.41,Moderate
954,34.127413,-120.889169,25,Sandy,118.44,174.27,105.39,0.54,9.09,12.1,68.91,308.47,Moderate
955,34.141178,-119.542653,15,Silt,174.75,140.51,84.13,2.93,3.63,6.98,52.3,124.83,Moderate
956,35.60724,-120.980949,10,Loamy,123.63,259.4,24.69,2.99,9.19,13.35,60.23,158.45,Moderate
957,35.841313,-119.530316,10,Silt,162.86,70.95,121.05,2.89,7.53,7.52,59.49,319.06,Moderate
958,34.879784,-119.190339,18,Sandy,72.61,156.19,84.78,6.5,1.59,0.88,82.35,346.24,Moderate
959,34.675582,-119.59018,14,Sandy,102.22,95.79,41.44,5.44,7.11,0.92,28.09,240.34,Moderate
960,35.403366,-119.992776,18,Loamy,78.78,81.04,220.39,7.5,5.01,8.01,53.88,235.06,Moderate
961,34.526192,-120.382198,28,Loamy,37.97,32.02,220.97,9.02,1.72,18.64,26.05,209.61,Moderate
962,34.184807,-119.520198,20,Silt,64.93,222.78,126.41,4.54,6.87,19.14,72.97,178.1,Moderate
963,35.179309,-120.841247,30,Silt,73.97,43.97,116.26,4.08,0.77,7.67,72.71,190.55,Moderate
964,34.305542,-120.986765,10,Sandy,127.16,231.73,145.66,1.47,1.21,2.88,17.37,166.31,Moderate
965,34.693367,-120.948598,29,Clay,157.87,134.24,69.51,1.94,0.17,13.94,23.63,150.38,Moderate
966,34.313958,-120.209316,21,Silt,157.0,180.19,205.44,7.59,1.45,17.52,70.99,284.42,Moderate
967,35.918223,-119.121116,16,Loamy,36.67,57.78,75.19,0.57,9.03,11.06,46.24,141.2,Low
968,35.495356,-119.614215,13,Clay,67.06,133.52,113.25,8.13,9.92,10.23,55.89,386.94,Moderate
969,35.920528,-120.443902,33,Loamy,72.95,204.62,28.94,5.26,9.64,7.67,32.94,325.81,Moderate
970,34.781249,-119.884502,17,Sandy,101.15,81.76,147.06,5.78,9.08,16.17,90.56,170.82,Moderate
971,35.674101,-119.889248,35,Loamy,169.64,129.73,23.71,9.35,3.36,3.21,99.0,342.64,Moderate
972,34.034926,-120.141729,24,Loamy,136.25,164.44,41.13,0.41,7.61,8.1,67.11,229.53,Moderate
973,34.268949,-120.588807,42,Clay,38.42,104.19,70.78,9.86,7.08,3.15,21.11,49.0,Low
974,35.111869,-120.686105,48,Clay,144.55,79.86,52.33,0.25,3.19,6.16,97.19,99.56,Low
975,34.281766,-119.541813,16,Clay,26.24,37.74,135.03,6.79,9.04,11.06,7.61,202.8,Low
976,35.727214,-120.898545,32,Clay,192.07,161.78,125.89,7.72,8.58,12.07,49.89,77.77,Moderate
977,35.842907,-119.981759,49,Clay,15.02,184.24,217.14,8.53,0.73,18.1,50.13,135.72,Moderate
978,35.000782,-119.60866,21,Sandy,168.04,130.46,99.87,6.08,2.76,14.06,46.16,202.76,Moderate
979,34.156909,-119.861251,31,Silt,101.03,129.77,77.18,4.44,3.51,5.86,97.55,134.35,Moderate
980,34.883996,-119.529466,35,Loamy,25.29,284.76,166.79,8.63,6.05,16.89,17.11,311.33,Moderate
981,35.612124,-119.33998,17,Loamy,156.44,130.13,113.14,4.0,1.98,18.59,19.47,25.14,Low
982,34.358721,-120.268202,46,Loamy,13.97,255.19,57.45,5.17,7.24,7.22,10.34,33.45,Low
983,35.76926,-120.564989,35,Sandy,162.73,32.27,184.33,5.12,9.45,1.81,91.64,178.42,Moderate
984,35.873293,-119.493422,21,Loamy,174.75,233.17,60.7,0.45,2.11,10.0,60.82,51.0,Moderate
985,34.564602,-119.363705,29,Silt,77.62,116.92,184.93,7.65,3.32,13.23,46.42,234.55,Moderate
986,35.720285,-120.130731,23,Loamy,29.99,63.95,22.53,5.95,0.23,16.61,59.61,238.88,Low
987,34.9763,-119.28422,23,Sandy,105.82,135.04,197.05,1.56,8.63,14.57,24.42,293.06,Moderate
988,35.818414,-120.685377,46,Clay,91.72,37.42,81.03,7.48,6.64,6.08,45.75,181.93,Low
989,35.263953,-120.161485,36,Silt,185.98,226.45,236.76,5.09,3.71,1.41,59.81,189.59,Moderate
990,34.477619,-120.862907,14,Silt,116.73,232.1,42.23,1.01,7.46,11.37,6.32,134.84,Moderate
991,35.92058,-119.26648,49,Sandy,11.21,104.69,129.23,1.85,4.38,12.75,42.63,248.53,Moderate
992,34.835082,-119.77442,44,Clay,79.26,127.57,173.73,4.25,2.97,19.76,93.61,310.65,Moderate
993,34.275808,-120.078679,47,Silt,36.0,280.45,184.86,4.07,2.24,9.68,54.76,95.2,Moderate
994,35.281068,-119.884259,43,Sandy,128.31,264.54,86.66,5.88,1.69,16.26,53.52,235.23,Moderate
995,35.210875,-119.522399,22,Sandy,117.81,232.77,201.71,0.9,4.44,17.75,84.59,240.22,Moderate
996,35.736414,-119.340109,14,Silt,135.75,110.72,185.21,8.79,8.07,12.31,20.65,55.18,Moderate
997,35.291272,-120.365155,14,Clay,110.68,260.02,166.65,0.81,5.82,5.98,58.15,364.72,Moderate
998,34.710802,-119.85351,32,Loamy,99.77,154.83,150.39,9.67,7.19,1.25,56.33,367.28,Moderate
999,34.97946,-119.005765,14,Clay,28.56,124.61,159.55,1.91,2.6,8.85,20.89,72.47,Low
1000,35.690303,-119.561585,36,Sandy,136.94,233.22,223.81,6.95,3.4,9.24,25.29,356.71,Moderate
